Country Name,Country Code,Indicator Name,Indicator Code,1960,1961,1962,1963,1964,1965,1966,1967,1968,1969,1970,1971,1972,1973,1974,1975,1976,1977,1978,1979,1980,1981,1982,1983,1984,1985,1986,1987,1988,1989,1990,1991,1992,1993,1994,1995,1996,1997,1998,1999,2000,2001,2002,2003,2004,2005,2006,2007,2008,2009,2010,2011,2012,2013,2014,2015,2016,2017,2018,2019,2020
Aruba,ABW,Current health expenditure per capita (current US$),SH.XPD.CHEX.PC.CD,,,,,,,,,,,,,,,,,,,,,,,,,,,,,,,,,,,,,,,,,,,,,,,,,,,,,,,,,,,,,
Africa Eastern and Southern,AFE,Current health expenditure per capita (current US$),SH.XPD.CHEX.PC.CD,,,,,,,,,,,,,,,,,,,,,,,,,,,,,,,,,,,,,,,,,41.59157105,37.68653464,34.63420032,47.70510894,59.08396867,65.31615238,71.17383246,79.2727676,81.8070789,84.87945202,99.0729842,108.1627281,105.7364074,103.4708334,100.7518403,96.01765539,91.23398291,100.0454916,94.24283821,,
Afghanistan,AFG,Current health expenditure per capita (current US$),SH.XPD.CHEX.PC.CD,,,,,,,,,,,,,,,,,,,,,,,,,,,,,,,,,,,,,,,,,,,15.80316353,17.03574371,20.4127636,23.89050102,27.83657074,31.27183914,38.10266113,41.72274399,44.99053192,50.85347366,51.44026184,55.03462982,59.00893402,58.90652847,60.18867111,65.70602417,49.84260941,,
Africa Western and Central,AFW,Current health expenditure per capita (current US$),SH.XPD.CHEX.PC.CD,,,,,,,,,,,,,,,,,,,,,,,,,,,,,,,,,,,,,,,,,19.3032354,19.68565778,20.49646861,32.57030845,37.54605451,43.57009933,50.58217667,55.37343918,63.91534692,57.86068462,61.86702356,68.65681949,71.26675455,78.77712596,81.65537484,73.28270664,63.4458369,61.30628679,67.38381788,,
Angola,AGO,Current health expenditure per capita (current US$),SH.XPD.CHEX.PC.CD,,,,,,,,,,,,,,,,,,,,,,,,,,,,,,,,,,,,,,,,,12.99896717,28.91812134,29.04936409,34.87518692,49.81074142,54.26077652,69.81230164,92.86030579,135.6058197,119.9962845,96.69701385,122.1072311,122.185585,143.6068726,131.6476593,108.5829392,95.12497711,114.3346024,87.61676788,,
Albania,ALB,Current health expenditure per capita (current US$),SH.XPD.CHEX.PC.CD,,,,,,,,,,,,,,,,,,,,,,,,,,,,,,,,,,,,,,,,,80.61695099,89.58073425,96.27111816,125.9879761,156.5681763,165.2653351,174.5302429,222.3036652,220.4642487,186.4428101,192.0032196,211.0755158,213.7197418,236.957962,251.3582611,192.8851318,202.0133209,226.2806702,274.914093,,
Andorra,AND,Current health expenditure per capita (current US$),SH.XPD.CHEX.PC.CD,,,,,,,,,,,,,,,,,,,,,,,,,,,,,,,,,,,,,,,,,1292.039429,1319.906006,1508.520752,1812.315796,2033.00354,2301.593506,2158.875732,2392.820313,2774.493408,2687.855957,2642.165527,2567.525391,2342.568359,2432.782715,2529.089844,2246.254395,2361.217529,2567.423828,2821.80127,,
Arab World,ARB,Current health expenditure per capita (current US$),SH.XPD.CHEX.PC.CD,,,,,,,,,,,,,,,,,,,,,,,,,,,,,,,,,,,,,,,,,113.8115238,117.0888292,116.421637,113.3148002,124.084057,137.9459012,158.9186497,186.1406953,217.1810102,240.7264609,245.6111718,283.2162145,306.1677797,340.0684587,367.3475464,350.1253854,348.0648272,391.3823333,392.5674775,,
United Arab Emirates,ARE,Current health expenditure per capita (current US$),SH.XPD.CHEX.PC.CD,,,,,,,,,,,,,,,,,,,,,,,,,,,,,,,,,,,,,,,,,787.0211182,777.1306152,857.9119263,886.5012207,894.5404053,913.3560791,974.5206299,1072.705322,1303.140747,1296.977661,1314.630005,1438.472168,1403.524902,1523.883789,1588.282349,1385.53772,1298.12793,1650.018555,1817.347656,,
Argentina,ARG,Current health expenditure per capita (current US$),SH.XPD.CHEX.PC.CD,,,,,,,,,,,,,,,,,,,,,,,,,,,,,,,,,,,,,,,,,708.7695313,675.0578613,223.8486023,262.2865906,311.6450501,392.5887451,455.7980957,572.0401001,746.4932861,785.6702271,985.0344238,1208.391602,1368.422974,1421.657593,1286.217651,1531.484253,1153.534058,1529.616211,1127.907227,,
Armenia,ARM,Current health expenditure per capita (current US$),SH.XPD.CHEX.PC.CD,,,,,,,,,,,,,,,,,,,,,,,,,,,,,,,,,,,,,,,,,26.12908936,32.25933838,59.63238907,66.77802277,72.17178345,96.35484314,126.252945,172.6018677,266.3115845,252.8356018,297.2290649,330.5755615,336.3205566,396.232544,405.7288818,364.9728088,357.4577637,405.6506958,422.2826843,,
American Samoa,ASM,Current health expenditure per capita (current US$),SH.XPD.CHEX.PC.CD,,,,,,,,,,,,,,,,,,,,,,,,,,,,,,,,,,,,,,,,,,,,,,,,,,,,,,,,,,,,,
Antigua and Barbuda,ATG,Current health expenditure per capita (current US$),SH.XPD.CHEX.PC.CD,,,,,,,,,,,,,,,,,,,,,,,,,,,,,,,,,,,,,,,,,512.5682983,563.7371216,550.0645752,602.6936035,585.7212524,626.7166748,648.2271118,694.536438,673.8375244,591.4252319,701.8178101,693.807251,727.256958,711.2297974,792.8414917,754.2418823,778.4511108,795.5598145,875.1725464,,
Australia,AUS,Current health expenditure per capita (current US$),SH.XPD.CHEX.PC.CD,,,,,,,,,,,,,,,,,,,,,,,,,,,,,,,,,,,,,,,,,1638.814941,1564.166504,1770.466187,2249.290771,2767.136963,3013.087646,3184.807617,3799.737549,4090.761963,3995.340088,4945.038086,5861.702637,6025.344727,5813.985352,5607.917969,4860.37207,4971.614746,5308.783203,5425.340332,,
Austria,AUT,Current health expenditure per capita (current US$),SH.XPD.CHEX.PC.CD,,,,,,,,,,,,,,,,,,,,,,,,,,,,,,,,,,,,,,,,,2269.126465,2282.515869,2497.865967,3091.240234,3594.650391,3710.397949,3882.981934,4478.768555,5057.760742,4928.987793,4800.793457,5167.817871,4966.095703,5235.341309,5393.602051,4612.824219,4709.875977,4937.977051,5326.437012,,
Azerbaijan,AZE,Current health expenditure per capita (current US$),SH.XPD.CHEX.PC.CD,,,,,,,,,,,,,,,,,,,,,,,,,,,,,,,,,,,,,,,,,19.14171791,19.18987465,20.59066963,23.80161095,27.38257599,35.07611465,50.24787903,75.39520264,107.3614349,129.7258606,145.8452606,176.4084778,222.9855194,239.9508057,267.3097229,226.510025,156.9957275,155.0982666,165.7674408,,
Burundi,BDI,Current health expenditure per capita (current US$),SH.XPD.CHEX.PC.CD,,,,,,,,,,,,,,,,,,,,,,,,,,,,,,,,,,,,,,,,,8.42834568,8.60474777,7.96743488,7.16897392,9.8821106,12.77716923,16.64111137,18.25146484,18.31873894,21.8832016,26.41332245,25.13240814,21.51785278,21.93877029,20.53392982,19.4568367,22.41840553,23.58145905,24.02547073,,
Belgium,BEL,Current health expenditure per capita (current US$),SH.XPD.CHEX.PC.CD,,,,,,,,,,,,,,,,,,,,,,,,,,,,,,,,,,,,,,,,,1849.916016,1879.934814,2084.719971,2828.171631,3326.450195,3420.078857,3558.54248,4078.583252,4671.56543,4653.915039,4544.996094,4943.832031,4706.618164,4947.864746,4999.188477,4290,4328.846191,4618.208984,4912.700684,,
Benin,BEN,Current health expenditure per capita (current US$),SH.XPD.CHEX.PC.CD,,,,,,,,,,,,,,,,,,,,,,,,,,,,,,,,,,,,,,,,,15.88687897,16.81288338,17.47441101,21.57793999,24.54393578,24.12298584,25.40521812,27.92425346,30.30306816,30.71387672,31.04154778,34.96141434,39.10080719,35.76725006,34.44753647,31.30697823,30.22834778,30.05702591,30.9390583,,
Burkina Faso,BFA,Current health expenditure per capita (current US$),SH.XPD.CHEX.PC.CD,,,,,,,,,,,,,,,,,,,,,,,,,,,,,,,,,,,,,,,,,7.52564335,7.70798016,8.71375179,11.74841595,17.61220932,18.08620071,21.35472488,27.96674919,29.78364944,31.59088516,33.91081619,34.8739357,34.89026642,43.79697418,39.59173203,33.51475906,40.95483017,44.40372086,40.24945068,,
Bangladesh,BGD,Current health expenditure per capita (current US$),SH.XPD.CHEX.PC.CD,,,,,,,,,,,,,,,,,,,,,,,,,,,,,,,,,,,,,,,,,8.56026173,8.36238003,9.34001255,10.27598572,11.08631516,11.60705376,12.33577824,14.31881523,15.80424309,17.92318726,20.80270004,22.84561729,23.45907974,26.67387962,29.74625206,32.84908676,34.58186722,37.43084717,41.90905762,,
Bulgaria,BGR,Current health expenditure per capita (current US$),SH.XPD.CHEX.PC.CD,,,,,,,,,,,,,,,,,,,,,,,,,,,,,,,,,,,,,,,,,94.49745178,119.8299789,148.1479187,195.7436981,233.113327,267.741394,294.1089172,361.2349854,455.5405884,459.3002014,484.7522888,555.8641968,558.6479492,547.454834,605.2589111,521.4190674,562.3408203,618.7059326,689.9053955,,
Bahrain,BHR,Current health expenditure per capita (current US$),SH.XPD.CHEX.PC.CD,,,,,,,,,,,,,,,,,,,,,,,,,,,,,,,,,,,,,,,,,485.6864624,484.9073486,503.0300598,567.2379761,550.3598023,570.2942505,591.3112793,692.9683228,757.736145,785.2603149,796.3184204,805.3147583,971.3684692,1066.132446,1101.256836,1128.759155,1098.883545,1126.066895,994.1790161,,
"Bahamas, The",BHS,Current health expenditure per capita (current US$),SH.XPD.CHEX.PC.CD,,,,,,,,,,,,,,,,,,,,,,,,,,,,,,,,,,,,,,,,,1030.968994,1078.694458,1100.532593,1138.740601,1148.942383,1220.788208,1323.530884,1415.036743,1489.427246,1470.687744,1495.231323,1491.041626,1568.287964,1609.317993,1670.240356,1635.882935,1774.021729,2174.176758,2013.379272,,
Bosnia and Herzegovina,BIH,Current health expenditure per capita (current US$),SH.XPD.CHEX.PC.CD,,,,,,,,,,,,,,,,,,,,,,,,,,,,,,,,,,,,,,,,,113.3132629,112.0685196,127.2113953,180.9941711,244.5274048,262.8928223,303.5122376,388.098999,482.9365234,425.0511475,417.7483215,467.0319214,452.9765015,486.1761169,503.9924622,441.4607544,460.8853455,481.8325806,539.5466309,,
Belarus,BLR,Current health expenditure per capita (current US$),SH.XPD.CHEX.PC.CD,,,,,,,,,,,,,,,,,,,,,,,,,,,,,,,,,,,,,,,,,57.66816711,74.33643341,87.08403778,109.8769302,142.7480164,198.3073731,223.831192,281.0776367,351.7279663,290.7015381,343.6791077,319.7537231,365.874939,456.4916687,450.2226257,362.7528381,298.6265869,333.5410767,356.2507324,,
Belize,BLZ,Current health expenditure per capita (current US$),SH.XPD.CHEX.PC.CD,,,,,,,,,,,,,,,,,,,,,,,,,,,,,,,,,,,,,,,,,131.9693298,156.856308,165.5991364,167.8891754,169.6343994,174.0331726,188.7039337,226.0124054,249.6313171,241.4853516,242.3494263,252.9458771,246.7604675,258.2254028,292.4444275,284.114502,296.2240295,282.5827942,285.9858398,,
Bermuda,BMU,Current health expenditure per capita (current US$),SH.XPD.CHEX.PC.CD,,,,,,,,,,,,,,,,,,,,,,,,,,,,,,,,,,,,,,,,,,,,,,,,,,,,,,,,,,,,,
Bolivia,BOL,Current health expenditure per capita (current US$),SH.XPD.CHEX.PC.CD,,,,,,,,,,,,,,,,,,,,,,,,,,,,,,,,,,,,,,,,,43.84843826,45.78475189,44.27474976,47.16543961,47.04486847,52.48216629,56.81023026,64.47034454,79.01570129,90.77088165,101.7298813,121.3785858,137.1217804,162.1219788,181.7120514,198.8755798,210.2380981,217.4946899,223.5978851,,
Brazil,BRA,Current health expenditure per capita (current US$),SH.XPD.CHEX.PC.CD,,,,,,,,,,,,,,,,,,,,,,,,,,,,,,,,,,,,,,,,,312.5392761,270.1898193,246.9470062,251.4379425,295.5286255,384.9320068,485.5993347,602.6859131,707.4912109,721.7680054,896.6971436,1031.576172,957.0070801,981.152832,1017.047119,781.8099976,801.4113159,935.2991943,848.388855,,
Barbados,BRB,Current health expenditure per capita (current US$),SH.XPD.CHEX.PC.CD,,,,,,,,,,,,,,,,,,,,,,,,,,,,,,,,,,,,,,,,,600.80896,619.3395996,665.9202881,781.9650879,915.3046265,935.6404419,1000.617188,1015.606689,1107.046021,1135.609863,1087.656494,1135.5177,1263.918701,1233.114868,1153.884155,1119.548218,1129.193359,1151.693726,1164.544556,,
Brunei Darussalam,BRN,Current health expenditure per capita (current US$),SH.XPD.CHEX.PC.CD,,,,,,,,,,,,,,,,,,,,,,,,,,,,,,,,,,,,,,,,,508.5484009,464.7904358,473.2272339,535.2774048,619.2869873,646.1602173,654.6901856,702.6691895,788.6153565,741.2953491,803.5268555,877.1575928,883.6755981,849.3306274,798.7937012,743.920044,692.0357056,648.6688232,763.1528931,,
Bhutan,BTN,Current health expenditure per capita (current US$),SH.XPD.CHEX.PC.CD,,,,,,,,,,,,,,,,,,,,,,,,,,,,,,,,,,,,,,,,,30.89350891,35.94556046,36.13760376,37.73608017,46.90710449,47.74116898,55.31650925,66.06005859,58.85731506,61.12592697,74.09108734,79.5575943,85.97568512,88.24406433,88.89917755,98.56243896,98.90504456,104.8551025,102.7385178,,
Botswana,BWA,Current health expenditure per capita (current US$),SH.XPD.CHEX.PC.CD,,,,,,,,,,,,,,,,,,,,,,,,,,,,,,,,,,,,,,,,,205.236969,201.8108215,204.8869782,267.4956665,293.9718933,277.0604858,263.6054688,311.0372315,330.3592224,342.9356384,398.5707092,440.0437012,483.8059082,449.7056885,435.5536804,389.3807373,402.8016357,484.2239075,482.9630737,,
Central African Republic,CAF,Current health expenditure per capita (current US$),SH.XPD.CHEX.PC.CD,,,,,,,,,,,,,,,,,,,,,,,,,,,,,,,,,,,,,,,,,10.28705597,9.54669666,10.80481339,12.96637344,13.89353085,14.7944603,16.09814835,19.37653732,19.16386795,22.45341301,17.81714249,20.03986931,20.52720833,17.99575615,20.81191635,18.99312592,21.8805294,29.9801693,53.66416168,,
Canada,CAN,Current health expenditure per capita (current US$),SH.XPD.CHEX.PC.CD,,,,,,,,,,,,,,,,,,,,,,,,,,,,,,,,,,,,,,,,,2007.880859,2063.92749,2159.315918,2562.914551,2925.067139,3296.501465,3778.271484,4199.288086,4459.876465,4357.233887,5048.309082,5355.67627,5459.959473,5409.788086,5189.82666,4615.64209,4610.92627,4845.589844,4994.902344,,
Central Europe and the Baltics,CEB,Current health expenditure per capita (current US$),SH.XPD.CHEX.PC.CD,,,,,,,,,,,,,,,,,,,,,,,,,,,,,,,,,,,,,,,,,221.140527,252.1759466,298.2324758,372.9412809,446.7367993,522.5036194,580.0235531,729.2921008,927.1541944,842.0350386,855.0534711,906.6744133,850.648139,914.3540886,930.5623742,812.0443771,844.810437,932.9793868,1054.649348,,
Switzerland,CHE,Current health expenditure per capita (current US$),SH.XPD.CHEX.PC.CD,,,,,,,,,,,,,,,,,,,,,,,,,,,,,,,,,,,,,,,,,3559.819824,3763.384521,4211.729492,5018.527344,5608.703125,5673.94043,5671.981445,6154.703125,7120.651855,7297.379883,7705.175781,9191.958984,8917.119141,9275.798828,9578.645508,9382.791016,9439.424805,9606.349609,9870.664063,,
Channel Islands,CHI,Current health expenditure per capita (current US$),SH.XPD.CHEX.PC.CD,,,,,,,,,,,,,,,,,,,,,,,,,,,,,,,,,,,,,,,,,,,,,,,,,,,,,,,,,,,,,
Chile,CHL,Current health expenditure per capita (current US$),SH.XPD.CHEX.PC.CD,,,,,,,,,,,,,,,,,,,,,,,,,,,,,,,,,,,,,,,,,356.9637756,327.1319885,323.0671692,349.9878235,427.5166931,500.6451721,571.201416,648.5598145,724.7012329,735.9789429,867.7307739,991.2028809,1077.82019,1179.472656,1145.408569,1127.021606,1171.623047,1360.173584,1455.60791,,
China,CHN,Current health expenditure per capita (current US$),SH.XPD.CHEX.PC.CD,,,,,,,,,,,,,,,,,,,,,,,,,,,,,,,,,,,,,,,,,42.11240387,43.66367722,49.14166641,55.6510849,63.26198578,71.86441803,81.22816467,97.07929993,131.8872833,162.6175537,186.4915009,236.3749237,281.6771545,326.0415955,359.3093262,390.1040955,395.3599548,437.2567444,501.0593872,,
Cote d'Ivoire,CIV,Current health expenditure per capita (current US$),SH.XPD.CHEX.PC.CD,,,,,,,,,,,,,,,,,,,,,,,,,,,,,,,,,,,,,,,,,36.47083664,31.83412552,31.49195862,39.49386978,47.48029327,49.2191925,54.63421631,66.77438354,78.02518463,74.76235962,73.97220612,74.19325256,76.09120941,72.7405014,80.42262268,63.07769775,67.21105194,69.34188843,71.88140869,,
Cameroon,CMR,Current health expenditure per capita (current US$),SH.XPD.CHEX.PC.CD,,,,,,,,,,,,,,,,,,,,,,,,,,,,,,,,,,,,,,,,,27.93606567,26.67946053,30.40726662,36.96333313,40.55318832,41.44176483,42.79501724,47.281353,52.45386124,49.16592789,48.31293106,56.36682129,55.1756134,55.45908356,60.85925674,49.74619293,50.8497467,49.64924622,54.13952637,,
"Congo, Dem. Rep.",COD,Current health expenditure per capita (current US$),SH.XPD.CHEX.PC.CD,,,,,,,,,,,,,,,,,,,,,,,,,,,,,,,,,,,,,,,,,18.6212616,5.82149839,4.47839451,6.47020149,8.38838673,9.07471561,10.97469044,12.13539028,16.02249908,13.28515053,12.52543068,12.46153259,14.01603508,16.326828,19.37128258,19.87244987,20.58203506,19.41761589,18.51088905,,
"Congo, Rep.",COG,Current health expenditure per capita (current US$),SH.XPD.CHEX.PC.CD,,,,,,,,,,,,,,,,,,,,,,,,,,,,,,,,,,,,,,,,,17.44025993,20.63038635,17.11676979,21.71119118,27.88204765,31.51848221,36.79486084,43.03957748,64.76908875,50.04588318,56.91404343,62.34162521,74.91969299,75.47943115,74.514328,60.12829971,54.10359192,51.26589584,47.5177536,,
Colombia,COL,Current health expenditure per capita (current US$),SH.XPD.CHEX.PC.CD,,,,,,,,,,,,,,,,,,,,,,,,,,,,,,,,,,,,,,,,,132.879715,136.6105347,130.4255219,128.0061493,157.5755768,207.1589966,237.0175171,305.9917908,374.4269714,379.6958618,448.0877686,497.3807068,543.0700073,576.7012329,583.0588989,464.6349793,442.1382446,489.6445923,513.1586914,,
Comoros,COM,Current health expenditure per capita (current US$),SH.XPD.CHEX.PC.CD,,,,,,,,,,,,,,,,,,,,,,,,,,,,,,,,,,,,,,,,,45.77197266,43.472435,48.72956085,57.74796677,62.88409805,62.4527359,62.53800583,67.81578064,72.68344879,68.19288635,67.074646,78.71292114,65.57981873,69.27052307,68.98582458,60.21103287,60.74297714,61.72988892,65.22776031,,
Cabo Verde,CPV,Current health expenditure per capita (current US$),SH.XPD.CHEX.PC.CD,,,,,,,,,,,,,,,,,,,,,,,,,,,,,,,,,,,,,,,,,63.03440475,67.14394379,72.8820343,89.07603455,98.08786774,100.6719818,118.3291397,133.4176483,133.2350769,135.4057159,151.160141,161.0337372,176.9837341,191.2829895,191.176239,146.607605,151.6964111,176.4893799,194.8568726,,
Costa Rica,CRI,Current health expenditure per capita (current US$),SH.XPD.CHEX.PC.CD,,,,,,,,,,,,,,,,,,,,,,,,,,,,,,,,,,,,,,,,,248.753418,256.3935852,277.6987,289.0682678,292.0318298,311.7087708,362.5049133,427.0420227,515.4333496,534.5744629,660.5864258,749.6449585,784.4829712,825.3932495,831.3001709,883.9154663,878.888916,861.3200684,909.6730957,,
Caribbean small states,CSS,Current health expenditure per capita (current US$),SH.XPD.CHEX.PC.CD,,,,,,,,,,,,,,,,,,,,,,,,,,,,,,,,,,,,,,,,,254.3145104,249.0847803,267.4612668,273.6260786,312.7180867,345.8064039,370.4699817,429.2508909,472.9390059,460.2443554,485.8403354,506.3868511,517.8594917,535.4991023,545.7692493,569.9642476,567.9113632,610.2019651,621.2434251,,
Cuba,CUB,Current health expenditure per capita (current US$),SH.XPD.CHEX.PC.CD,,,,,,,,,,,,,,,,,,,,,,,,,,,,,,,,,,,,,,,,,180.8112183,198.1336517,213.3907929,227.0909576,231.9878235,331.532135,387.4201965,571.2655029,612.2435913,679.6263428,612.4650879,699.8342896,604.2123413,713.241333,866.0756226,986.7340088,984.8484497,1000.289551,986.9373169,,
Curacao,CUW,Current health expenditure per capita (current US$),SH.XPD.CHEX.PC.CD,,,,,,,,,,,,,,,,,,,,,,,,,,,,,,,,,,,,,,,,,,,,,,,,,,,,,,,,,,,,,
Cayman Islands,CYM,Current health expenditure per capita (current US$),SH.XPD.CHEX.PC.CD,,,,,,,,,,,,,,,,,,,,,,,,,,,,,,,,,,,,,,,,,,,,,,,,,,,,,,,,,,,,,
Cyprus,CYP,Current health expenditure per capita (current US$),SH.XPD.CHEX.PC.CD,,,,,,,,,,,,,,,,,,,,,,,,,,,,,,,,,,,,,,,,,750.5167236,782.1616211,890.4829712,1145.058472,1286.971558,1366.01709,1474.02063,1694.271851,2155.246582,2105.477783,2045.292358,2114.668945,1899.372559,1916.322632,1873.891357,1616.549438,1681.903687,1780.3479,1954.40686,,
Czech Republic,CZE,Current health expenditure per capita (current US$),SH.XPD.CHEX.PC.CD,,,,,,,,,,,,,,,,,,,,,,,,,,,,,,,,,,,,,,,,,342.921051,388.5440369,497.7420349,640.6604004,746.3289185,852.6524658,942.118042,1110.176636,1449.336792,1442.242798,1373.931763,1516.55542,1387.406006,1554.509033,1512.926147,1284.046753,1321.620239,1475.915161,1765.588379,,
Germany,DEU,Current health expenditure per capita (current US$),SH.XPD.CHEX.PC.CD,,,,,,,,,,,,,,,,,,,,,,,,,,,,,,,,,,,,,,,,,2344.354736,2346.61499,2567.491455,3152.780518,3459.80957,3558.198242,3697.921631,4182.799316,4669.635254,4674.783203,4611.810547,5036.484863,4762.847656,5096.820801,5304.318848,4622.206543,4742.03418,5052.67334,5472.202148,,
Djibouti,DJI,Current health expenditure per capita (current US$),SH.XPD.CHEX.PC.CD,,,,,,,,,,,,,,,,,,,,,,,,,,,,,,,,,,,,,,,,,31.95798492,31.04225731,40.19449615,46.11334229,40.28805161,40.95962524,47.32995605,50.44793701,53.96245575,55.32074356,56.2014122,68.77837372,72.22033691,67.53491211,73.12316895,82.28987885,76.86833954,72.2347641,70.86093903,,
Dominica,DMA,Current health expenditure per capita (current US$),SH.XPD.CHEX.PC.CD,,,,,,,,,,,,,,,,,,,,,,,,,,,,,,,,,,,,,,,,,254.785553,226.9600678,222.0938568,237.3544617,247.4588165,256.7341309,263.9116516,285.2404175,326.6416931,344.1196594,359.221344,376.9500732,396.8137817,375.1051025,385.1565857,393.936554,415.8875122,398.7094116,490.8182983,,
Denmark,DNK,Current health expenditure per capita (current US$),SH.XPD.CHEX.PC.CD,,,,,,,,,,,,,,,,,,,,,,,,,,,,,,,,,,,,,,,,,2496.047119,2602.642822,2895.807373,3607.042969,4194.873535,4442.755371,4778.891602,5468.379395,6137.776367,6221.688965,6011.538086,6281.004395,6003.830566,6236.554199,6380.784668,5469.334961,5565.593262,5800.152832,6216.768555,,
Dominican Republic,DOM,Current health expenditure per capita (current US$),SH.XPD.CHEX.PC.CD,,,,,,,,,,,,,,,,,,,,,,,,,,,,,,,,,,,,,,,,,140.138855,145.3536682,155.0956116,106.1385651,106.6501617,171.230011,164.1003876,198.0725403,240.4110718,256.3579102,309.9571838,335.0012817,359.6081848,359.5705566,380.0755005,400.3849487,424.3001709,443.6706848,461.542511,,
Algeria,DZA,Current health expenditure per capita (current US$),SH.XPD.CHEX.PC.CD,,,,,,,,,,,,,,,,,,,,,,,,,,,,,,,,,,,,,,,,,61.58218002,66.80211639,66.46335602,75.7433548,92.50652313,100.713829,116.7143173,150.9656372,206.8851929,208.1199188,229.2894592,287.3861084,335.5619507,331.9416809,359.6421204,291.5535584,260.7725525,258.0395508,255.8694305,,
East Asia & Pacific (excluding high income),EAP,Current health expenditure per capita (current US$),SH.XPD.CHEX.PC.CD,,,,,,,,,,,,,,,,,,,,,,,,,,,,,,,,,,,,,,,,,37.94265913,39.07511929,43.59819251,49.79204733,56.00799733,64.31725063,73.865796,88.41812406,115.6005297,137.4071019,159.7426727,198.7094521,232.3133995,263.8960585,287.3358558,306.3158475,311.5202833,341.7883468,387.1970786,,
Early-demographic dividend,EAR,Current health expenditure per capita (current US$),SH.XPD.CHEX.PC.CD,,,,,,,,,,,,,,,,,,,,,,,,,,,,,,,,,,,,,,,,,66.89891649,68.18545508,61.8563241,68.21795197,77.11627309,87.83595079,98.77060816,114.437297,126.4672377,128.3840325,147.848927,161.7491642,169.3844429,174.4590827,174.9231011,172.321861,165.779955,180.9008394,176.2326257,,
East Asia & Pacific,EAS,Current health expenditure per capita (current US$),SH.XPD.CHEX.PC.CD,,,,,,,,,,,,,,,,,,,,,,,,,,,,,,,,,,,,,,,,,239.1290835,222.4921931,224.3133211,251.7435886,278.2947178,292.1093456,297.9456763,322.0536201,374.6253932,419.7094938,478.291449,586.6356394,626.1916233,603.8558833,613.0727102,599.6422882,632.8509193,665.3623672,721.88028,,
Europe & Central Asia (excluding high income),ECA,Current health expenditure per capita (current US$),SH.XPD.CHEX.PC.CD,,,,,,,,,,,,,,,,,,,,,,,,,,,,,,,,,,,,,,,,,90.59443861,95.94725303,114.8790914,142.9118124,181.4179095,228.9813693,279.5157396,356.0808333,442.691202,382.2239784,415.3170429,466.1491193,499.9581991,534.0674524,498.5000398,378.7467428,366.3037224,410.0795422,424.5254644,,
Europe & Central Asia,ECS,Current health expenditure per capita (current US$),SH.XPD.CHEX.PC.CD,,,,,,,,,,,,,,,,,,,,,,,,,,,,,,,,,,,,,,,,,941.2433617,972.5300379,1097.414379,1360.006422,1577.945657,1670.445571,1790.840328,2062.498364,2305.437936,2207.482796,2192.776841,2376.346125,2280.911876,2384.653783,2432.861599,2103.168626,2097.93243,2194.439421,2346.919012,,
Ecuador,ECU,Current health expenditure per capita (current US$),SH.XPD.CHEX.PC.CD,,,,,,,,,,,,,,,,,,,,,,,,,,,,,,,,,,,,,,,,,47.89228439,70.81141663,96.82357788,131.5996399,149.3884277,167.4712677,189.3207855,209.2506104,247.1404266,272.4638062,330.0005493,409.0367737,481.8218994,518.4137573,549.784729,525.9973145,502.7444763,513.0761719,516.2479858,,
"Egypt, Arab Rep.",EGY,Current health expenditure per capita (current US$),SH.XPD.CHEX.PC.CD,,,,,,,,,,,,,,,,,,,,,,,,,,,,,,,,,,,,,,,,,73.65684509,73.07783508,68.25554657,53.82350159,53.93090057,63.86014175,71.35442352,78.95716858,97.20935059,106.6651917,113.2481995,125.2548676,150.7184143,150.6195984,167.2470856,183.4326172,153.4869537,113.9753799,125.545372,,
Euro area,EMU,Current health expenditure per capita (current US$),SH.XPD.CHEX.PC.CD,,,,,,,,,,,,,,,,,,,,,,,,,,,,,,,,,,,,,,,,,1749.838596,1791.321628,1995.301701,2500.526804,2859.119375,2976.5124,3145.95413,3568.946835,4029.949814,3963.63606,3849.361246,4113.715568,3836.017638,4017.890524,4105.879204,3521.926001,3592.657311,3779.218022,4063.498114,,
Eritrea,ERI,Current health expenditure per capita (current US$),SH.XPD.CHEX.PC.CD,,,,,,,,,,,,,,,,,,,,,,,,,,,,,,,,,,,,,,,,,13.75257683,14.51352882,15.21526051,18.9991188,22.12163734,20.64315796,22.02857018,17.96751404,19.32589912,22.39599228,24.63759232,33.50611496,26.19568443,29.78876877,31.86192322,26.75016403,22.77753258,21.17291069,23.78602791,,
Spain,ESP,Current health expenditure per capita (current US$),SH.XPD.CHEX.PC.CD,,,,,,,,,,,,,,,,,,,,,,,,,,,,,,,,,,,,,,,,,1005.283997,1045.050659,1174.579346,1641.058716,1924.445313,2060.330811,2242.178223,2606.178955,2995.049805,2937.534424,2789.533936,2909.117676,2591.016113,2629.605469,2679.848145,2349.233887,2376.721191,2522.644287,2736.323242,,
Estonia,EST,Current health expenditure per capita (current US$),SH.XPD.CHEX.PC.CD,,,,,,,,,,,,,,,,,,,,,,,,,,,,,,,,,,,,,,,,,209.7131348,214.7041473,250.4802094,349.0580444,455.0681152,524.6801148,600.5078735,832.7330933,1038.562256,963.0196533,926.4541626,1015.968262,1013.314209,1144.646851,1238.927002,1112.914063,1186.102783,1350.380615,1552.96875,,
Ethiopia,ETH,Current health expenditure per capita (current US$),SH.XPD.CHEX.PC.CD,,,,,,,,,,,,,,,,,,,,,,,,,,,,,,,,,,,,,,,,,5.38449526,5.61692476,5.25928497,5.84133863,5.88065052,6.65360308,8.66179371,11.98231506,13.45180225,15.63803864,16.7058506,15.11116791,20.66479111,19.88365173,22.27192688,23.91623878,25.07559586,24.92481232,24.22611809,,
European Union,EUU,Current health expenditure per capita (current US$),SH.XPD.CHEX.PC.CD,,,,,,,,,,,,,,,,,,,,,,,,,,,,,,,,,,,,,,,,,1431.698177,1474.157533,1650.365243,2070.733375,2373.472522,2485.461044,2635.6541,3008.330218,3417.6092,3341.370508,3265.361218,3520.997045,3294.778471,3461.831915,3535.998129,3036.966219,3102.550532,3273.174704,3525.057042,,
Fragile and conflict affected situations,FCS,Current health expenditure per capita (current US$),SH.XPD.CHEX.PC.CD,,,,,,,,,,,,,,,,,,,,,,,,,,,,,,,,,,,,,,,,,38.3521571,39.35094987,33.08417048,36.91094221,42.97571767,48.48409839,63.89406965,75.3471664,86.26102212,92.48166268,97.28810469,96.08784372,99.39391309,99.99576441,103.2633061,97.66556143,86.44194099,89.66319471,76.58322696,,
Finland,FIN,Current health expenditure per capita (current US$),SH.XPD.CHEX.PC.CD,,,,,,,,,,,,,,,,,,,,,,,,,,,,,,,,,,,,,,,,,1722.832642,1806.050171,2054.262939,2606.775879,3035.97876,3228.952148,3407.665527,3911.96582,4481.216797,4347.121582,4249.602051,4715.935059,4572.523438,4892.097168,4922.675781,4127.149902,4107.062988,4233.468262,4515.677246,,
Fiji,FJI,Current health expenditure per capita (current US$),SH.XPD.CHEX.PC.CD,,,,,,,,,,,,,,,,,,,,,,,,,,,,,,,,,,,,,,,,,77.02472687,64.19293213,73.05122375,91.40223694,117.6831055,129.1089478,135.9334259,150.6568604,143.7672424,128.8149262,135.1828156,148.8311462,162.4147339,167.8189392,188.8338776,179.2215424,185.3479157,194.4359131,214.5537872,,
France,FRA,Current health expenditure per capita (current US$),SH.XPD.CHEX.PC.CD,,,,,,,,,,,,,,,,,,,,,,,,,,,,,,,,,,,,,,,,,2161.853027,2192.71582,2449.758301,3006.305908,3458.627441,3575.025146,3814.276367,4318.73877,4812.536621,4741.415527,4598.320313,4939.310547,4651.108398,4901.933105,4998.668457,4208.38623,4268.174316,4424.507813,4690.072266,,
Faroe Islands,FRO,Current health expenditure per capita (current US$),SH.XPD.CHEX.PC.CD,,,,,,,,,,,,,,,,,,,,,,,,,,,,,,,,,,,,,,,,,,,,,,,,,,,,,,,,,,,,,
"Micronesia, Fed. Sts.",FSM,Current health expenditure per capita (current US$),SH.XPD.CHEX.PC.CD,,,,,,,,,,,,,,,,,,,,,,,,,,,,,,,,,,,,,,,,,168.4578552,190.0736847,178.5595856,219.3636017,270.7167969,417.7243652,257.90271,272.1109619,304.5819397,341.3183594,378.2447815,393.6810303,384.1512146,363.263031,348.3200989,361.4720764,395.7920837,401.2002564,415.816803,,
Gabon,GAB,Current health expenditure per capita (current US$),SH.XPD.CHEX.PC.CD,,,,,,,,,,,,,,,,,,,,,,,,,,,,,,,,,,,,,,,,,127.6435394,125.7693939,137.2801514,174.1004334,190.8656769,199.5854797,223.3005524,266.2097168,285.3922424,297.4153748,218.8583832,276.1181946,237.5954742,275.0193481,244.4314728,196.1650543,216.9078522,200.5618897,218.3686066,,
United Kingdom,GBR,Current health expenditure per capita (current US$),SH.XPD.CHEX.PC.CD,,,,,,,,,,,,,,,,,,,,,,,,,,,,,,,,,,,,,,,,,2054.18042,2128.294434,2417.061035,2833.677002,3429.647217,3599.934082,3893.588623,4505.467285,4351.276855,3892.01416,3955.451416,4208.419922,4282.048828,4350.255371,4740.868652,4472.521484,4066.093506,3978.617188,4315.427734,,
Georgia,GEO,Current health expenditure per capita (current US$),SH.XPD.CHEX.PC.CD,,,,,,,,,,,,,,,,,,,,,,,,,,,,,,,,,,,,,,,,,51.85281754,55.22227478,64.06044006,77.73462677,100.874176,126.4450836,145.0523071,186.6177826,268.1403503,257.0617676,271.0166626,296.6886902,326.4760742,334.6890564,345.2559815,275.8408203,301.5457764,285.9877014,312.7469177,,
Ghana,GHA,Current health expenditure per capita (current US$),SH.XPD.CHEX.PC.CD,,,,,,,,,,,,,,,,,,,,,,,,,,,,,,,,,,,,,,,,,17.85551643,20.92321587,21.03129005,25.49957466,29.50203323,44.7131424,50.95217896,60.0993042,68.42399597,67.71266937,81.50324249,100.2524643,91.01084137,109.9452362,80.73294067,81.61917114,66.85653687,67.45523071,77.91143036,,
Gibraltar,GIB,Current health expenditure per capita (current US$),SH.XPD.CHEX.PC.CD,,,,,,,,,,,,,,,,,,,,,,,,,,,,,,,,,,,,,,,,,,,,,,,,,,,,,,,,,,,,,
Guinea,GIN,Current health expenditure per capita (current US$),SH.XPD.CHEX.PC.CD,,,,,,,,,,,,,,,,,,,,,,,,,,,,,,,,,,,,,,,,,23.25868988,22.10671425,25.11627769,25.97815895,26.85185814,19.99720573,16.37105751,22.65211487,23.32725334,24.11268997,23.04640198,24.67529106,24.29986,26.61382103,37.69287872,44.68756485,39.55763626,36.50824356,38.31764221,,
"Gambia, The",GMB,Current health expenditure per capita (current US$),SH.XPD.CHEX.PC.CD,,,,,,,,,,,,,,,,,,,,,,,,,,,,,,,,,,,,,,,,,50.86863708,41.45034027,39.55756378,30.87388229,34.72867203,35.80473328,35.87295151,38.60668182,42.96466064,36.94911575,35.2233963,33.1423111,31.41952705,27.41661644,22.47270203,20.98540878,21.80244827,22.71026421,22.15542793,,
Guinea-Bissau,GNB,Current health expenditure per capita (current US$),SH.XPD.CHEX.PC.CD,,,,,,,,,,,,,,,,,,,,,,,,,,,,,,,,,,,,,,,,,20.70239449,19.8405323,20.14164352,24.20259094,31.0591526,31.52978706,30.46108055,36.34542084,41.70643997,39.16440582,36.09091187,43.17166519,35.52560806,43.96840286,59.30418015,51.83914566,50.6244812,50.57252884,53.29457474,,
Equatorial Guinea,GNQ,Current health expenditure per capita (current US$),SH.XPD.CHEX.PC.CD,,,,,,,,,,,,,,,,,,,,,,,,,,,,,,,,,,,,,,,,,40.92737579,58.34743881,73.50776672,106.5741272,143.7288208,163.7703095,195.2540741,249.9615326,419.6589966,307.4200134,314.1137085,335.7826843,274.3520508,382.3539429,424.7312012,328.8190918,290.6811523,293.1333923,314.2987671,,
Greece,GRC,Current health expenditure per capita (current US$),SH.XPD.CHEX.PC.CD,,,,,,,,,,,,,,,,,,,,,,,,,,,,,,,,,,,,,,,,,885.4104004,1004.81543,1168.824097,1566.40979,1782.695923,1935.267578,2052.875488,2426.759521,2840.508545,2809.05957,2564.369873,2338.915771,1948.248169,1813.878296,1705.11438,1452.074463,1488.198608,1505.941406,1566.899902,,
Grenada,GRD,Current health expenditure per capita (current US$),SH.XPD.CHEX.PC.CD,,,,,,,,,,,,,,,,,,,,,,,,,,,,,,,,,,,,,,,,,270.9839172,283.4758301,322.0144043,300.3641968,308.148407,341.8997498,340.3971558,377.7578735,421.8442993,396.1437683,393.3341065,423.1154175,433.5095215,438.2797241,399.5325317,422.7217712,427.5127258,466.7496033,474.5328064,,
Greenland,GRL,Current health expenditure per capita (current US$),SH.XPD.CHEX.PC.CD,,,,,,,,,,,,,,,,,,,,,,,,,,,,,,,,,,,,,,,,,,,,,,,,,,,,,,,,,,,,,
Guatemala,GTM,Current health expenditure per capita (current US$),SH.XPD.CHEX.PC.CD,,,,,,,,,,,,,,,,,,,,,,,,,,,,,,,,,,,,,,,,,83.95554352,100.3934326,107.955986,113.6128998,122.2627335,132.334137,148.7137756,158.3339233,174.7788696,168.1847839,173.7517853,189.2429047,198.4665527,196.1355896,213.942749,229.8061981,241.7825317,259.9125061,259.6201782,,
Guam,GUM,Current health expenditure per capita (current US$),SH.XPD.CHEX.PC.CD,,,,,,,,,,,,,,,,,,,,,,,,,,,,,,,,,,,,,,,,,,,,,,,,,,,,,,,,,,,,,
Guyana,GUY,Current health expenditure per capita (current US$),SH.XPD.CHEX.PC.CD,,,,,,,,,,,,,,,,,,,,,,,,,,,,,,,,,,,,,,,,,63.1490097,60.86844635,65.68416595,68.69402313,79.27994537,87.48361969,101.8866577,129.2283936,143.8078766,154.4651794,176.9506683,190.9325562,195.220047,206.0122986,214.1989899,223.6776733,233.5249481,263.2581482,295.5578919,,
High income,HIC,Current health expenditure per capita (current US$),SH.XPD.CHEX.PC.CD,,,,,,,,,,,,,,,,,,,,,,,,,,,,,,,,,,,,,,,,,2463.386619,2552.481578,2759.551069,3131.288045,3447.494841,3628.684051,3820.525099,4143.870972,4437.472191,4502.994473,4647.981789,4996.19336,5012.475106,5048.864896,5197.466006,5032.575235,5197.994981,5391.697111,5665.223423,,
"Hong Kong SAR, China",HKG,Current health expenditure per capita (current US$),SH.XPD.CHEX.PC.CD,,,,,,,,,,,,,,,,,,,,,,,,,,,,,,,,,,,,,,,,,,,,,,,,,,,,,,,,,,,,,
Honduras,HND,Current health expenditure per capita (current US$),SH.XPD.CHEX.PC.CD,,,,,,,,,,,,,,,,,,,,,,,,,,,,,,,,,,,,,,,,,68.51774597,67.19782257,70.8179245,79.79921722,83.47966766,98.11772919,112.4480057,127.9885101,149.6478577,161.0005493,166.1611633,183.6016846,185.6259155,178.2416534,174.5997925,172.2920532,180.1677551,171.5148926,176.2472687,,
Heavily indebted poor countries (HIPC),HPC,Current health expenditure per capita (current US$),SH.XPD.CHEX.PC.CD,,,,,,,,,,,,,,,,,,,,,,,,,,,,,,,,,,,,,,,,,17.12737971,16.2612867,16.96863981,19.75607756,23.20018683,26.54557324,30.89641093,36.21063104,40.66734393,41.10996533,43.01782767,48.03115013,47.45990516,51.23715273,51.63870587,51.29956791,51.02519126,53.27602927,46.52744387,,
Croatia,HRV,Current health expenditure per capita (current US$),SH.XPD.CHEX.PC.CD,,,,,,,,,,,,,,,,,,,,,,,,,,,,,,,,,,,,,,,,,371.0621338,388.3248901,386.4440918,512.1520996,634.6203003,727.1310425,816.0170288,1041.034424,1258.872437,1187.545288,1126.373657,1132.498901,1029.971191,889.944519,909.3716431,795.520813,840.9050293,902.6252441,1014.222351,,
Haiti,HTI,Current health expenditure per capita (current US$),SH.XPD.CHEX.PC.CD,,,,,,,,,,,,,,,,,,,,,,,,,,,,,,,,,,,,,,,,,29.78231049,26.90669823,21.99154663,18.31630516,23.67709351,24.89042091,28.71922302,37.11300278,39.96041489,40.94065857,54.9171524,75.70629883,73.7585144,58.3646965,64.02371216,67.40187836,59.13440323,62.72842407,64.24588013,,
Hungary,HUN,Current health expenditure per capita (current US$),SH.XPD.CHEX.PC.CD,,,,,,,,,,,,,,,,,,,,,,,,,,,,,,,,,,,,,,,,,313.1085815,359.6974793,473.1278381,682.8656616,798.4536133,895.2033081,893.2030029,1003.258179,1117.202271,943.6876831,983.1108398,1063.432251,961.1383667,990.6311646,1006.156494,870.5192261,914.1935425,981.0388794,1081.802856,,
IBRD only,IBD,Current health expenditure per capita (current US$),SH.XPD.CHEX.PC.CD,,,,,,,,,,,,,,,,,,,,,,,,,,,,,,,,,,,,,,,,,77.42033452,78.49557864,77.07957201,85.27674702,99.19522397,116.9085725,136.0320894,164.3490185,198.0549396,203.2666508,234.7794802,270.3824857,288.3395068,308.0474396,315.1779964,299.4396804,295.5890257,328.7845792,343.8935511,,
IDA & IBRD total,IBT,Current health expenditure per capita (current US$),SH.XPD.CHEX.PC.CD,,,,,,,,,,,,,,,,,,,,,,,,,,,,,,,,,,,,,,,,,64.86746662,65.49037086,64.19475357,71.42283495,82.79495209,97.29197289,113.063012,135.8318193,162.6634473,166.153789,190.5102305,218.2966598,231.9073878,247.9897897,253.4126237,240.6248,237.376701,261.6187789,272.0973292,,
IDA total,IDA,Current health expenditure per capita (current US$),SH.XPD.CHEX.PC.CD,,,,,,,,,,,,,,,,,,,,,,,,,,,,,,,,,,,,,,,,,16.46730615,15.98012097,16.75911731,20.81736863,23.67216419,27.4983431,32.41607616,37.0346941,41.66770792,40.92516675,44.49490859,48.69198105,50.66812529,54.84030102,57.42299153,56.52103615,54.36131283,54.82349857,54.11569048,,
IDA blend,IDB,Current health expenditure per capita (current US$),SH.XPD.CHEX.PC.CD,,,,,,,,,,,,,,,,,,,,,,,,,,,,,,,,,,,,,,,,,19.30705179,18.42043677,18.77445157,26.74767862,29.7886884,35.82526501,43.67204355,48.21087776,53.00931965,48.40399606,54.35019943,58.97404525,64.08910606,70.37412274,74.65794957,70.63804008,65.67516186,63.11702221,68.41783893,,
Indonesia,IDN,Current health expenditure per capita (current US$),SH.XPD.CHEX.PC.CD,,,,,,,,,,,,,,,,,,,,,,,,,,,,,,,,,,,,,,,,,16.20165443,17.69404984,19.90477753,26.67323875,27.17466164,35.50515366,46.20238876,58.18482971,61.95336533,65.10107422,92.45002747,107.6673508,107.2423248,107.2918243,108.838562,99.65550232,109.9377976,110.0498047,111.6779099,,
IDA only,IDX,Current health expenditure per capita (current US$),SH.XPD.CHEX.PC.CD,,,,,,,,,,,,,,,,,,,,,,,,,,,,,,,,,,,,,,,,,15.01744537,14.73339073,15.76070766,17.87323954,20.63623644,23.36431053,26.823841,31.47547567,36.01728454,37.19248455,39.4219312,43.3867324,43.73155662,46.6282775,48.31048085,49.05715174,48.21237076,50.36688803,46.43243364,,
Isle of Man,IMN,Current health expenditure per capita (current US$),SH.XPD.CHEX.PC.CD,,,,,,,,,,,,,,,,,,,,,,,,,,,,,,,,,,,,,,,,,,,,,,,,,,,,,,,,,,,,,
India,IND,Current health expenditure per capita (current US$),SH.XPD.CHEX.PC.CD,,,,,,,,,,,,,,,,,,,,,,,,,,,,,,,,,,,,,,,,,18.50239372,19.79767799,20.23548126,21.99779892,25.06458473,27.66702271,29.56233788,35.85623932,37.88212204,38.30339432,45.12977219,48.60390472,48.94621658,56.11839676,57.07431793,58.91690063,60.60255051,69.32007599,72.83453369,,
Not classified,INX,Current health expenditure per capita (current US$),SH.XPD.CHEX.PC.CD,,,,,,,,,,,,,,,,,,,,,,,,,,,,,,,,,,,,,,,,,,,,,,,,,,,,,,,,,,,,,
Ireland,IRL,Current health expenditure per capita (current US$),SH.XPD.CHEX.PC.CD,,,,,,,,,,,,,,,,,,,,,,,,,,,,,,,,,,,,,,,,,1564.837402,1823.734741,2200.357422,2910.932129,3483.160645,3938.191162,4147.132324,4858.64502,5638.779297,5502.887695,5133.455078,5570.705566,5239.337891,5331.600586,5399.598633,4561.737793,4717.568359,5019.701172,5489.070801,,
"Iran, Islamic Rep.",IRN,Current health expenditure per capita (current US$),SH.XPD.CHEX.PC.CD,,,,,,,,,,,,,,,,,,,,,,,,,,,,,,,,,,,,,,,,,80.85904694,94.61769867,105.7709427,116.6152039,142.404541,174.8438721,199.8020172,248.3849487,302.4498291,371.420105,445.6636353,530.7138062,525.5848389,418.8852844,387.3760986,379.2756348,458.2581787,478.3614807,484.2865906,,
Iraq,IRQ,Current health expenditure per capita (current US$),SH.XPD.CHEX.PC.CD,,,,,,,,,,,,,,,,,,,,,,,,,,,,,,,,,,,,,,,,,,,,28.1536808,53.50862122,53.76188278,57.19505692,98.87436676,132.1146545,167.3632965,150.45607,168.7490234,183.9160767,199.5162201,190.6933289,156.8372345,154.1859741,214.3563385,239.4130554,,
Iceland,ISL,Current health expenditure per capita (current US$),SH.XPD.CHEX.PC.CD,,,,,,,,,,,,,,,,,,,,,,,,,,,,,,,,,,,,,,,,,2873.848145,2557.269531,3091.28833,3955.023926,4497.974121,5213.475586,5071.869629,6085.484863,4946.0625,3693.556885,3644.802734,3866.707275,3705.375244,4028.831543,4474.374023,4281.575684,5067.690918,6109.912109,6530.932129,,
Israel,ISR,Current health expenditure per capita (current US$),SH.XPD.CHEX.PC.CD,,,,,,,,,,,,,,,,,,,,,,,,,,,,,,,,,,,,,,,,,1513.944702,1559.083252,1403.31604,1433.670776,1488.161377,1555.036011,1593.609863,1799.732544,2144.821533,2039.003052,2234.949707,2437.046143,2402.915771,2678.361816,2819.571777,2670.466797,2813.335938,3212.791504,3323.650635,,
Italy,ITA,Current health expenditure per capita (current US$),SH.XPD.CHEX.PC.CD,,,,,,,,,,,,,,,,,,,,,,,,,,,,,,,,,,,,,,,,,1524.239624,1586.657104,1762.537598,2163.025391,2565.627441,2677.552246,2832.697754,3092.558838,3504.111572,3337.750732,3217.682861,3392.012695,3086.303223,3149.242676,3154.275879,2675.671631,2699.73291,2809.721436,2988.99585,,
Jamaica,JAM,Current health expenditure per capita (current US$),SH.XPD.CHEX.PC.CD,,,,,,,,,,,,,,,,,,,,,,,,,,,,,,,,,,,,,,,,,191.4724731,177.2637482,171.2720642,146.8826294,179.3847046,186.5417328,182.2562256,246.0103607,276.5376892,223.1117401,249.0825958,267.7389832,254.507782,247.2129669,249.7215576,276.0567322,276.4597473,311.8700562,320.9763184,,
Jordan,JOR,Current health expenditure per capita (current US$),SH.XPD.CHEX.PC.CD,,,,,,,,,,,,,,,,,,,,,,,,,,,,,,,,,,,,,,,,,159.147644,170.0458069,174.0001984,171.0476685,184.5114899,193.5009613,202.4481354,227.0579071,293.3645935,328.3468628,305.2936096,313.9347839,305.7170715,289.8249817,297.8348999,310.6847229,298.8072205,337.7554016,330.1418762,,
Japan,JPN,Current health expenditure per capita (current US$),SH.XPD.CHEX.PC.CD,,,,,,,,,,,,,,,,,,,,,,,,,,,,,,,,,,,,,,,,,2740.674805,2479.811523,2404.646484,2642.227051,2875.933594,2883.300049,2754.377441,2772.697021,3213.695557,3686.154297,4060.490967,5087.356445,5212.183594,4336.106934,4099.280273,3733.376465,4174.422363,4121.036621,4266.586914,,
Kazakhstan,KAZ,Current health expenditure per capita (current US$),SH.XPD.CHEX.PC.CD,,,,,,,,,,,,,,,,,,,,,,,,,,,,,,,,,,,,,,,,,50.99633026,51.56954956,59.46535873,76.02937317,112.7056961,144.7014008,177.0089569,180.5011597,256.544281,251.4995422,249.2689209,303.9808655,377.1272888,370.0940247,380.6600952,319.0499268,263.4837341,281.6177673,275.8546143,,
Kenya,KEN,Current health expenditure per capita (current US$),SH.XPD.CHEX.PC.CD,,,,,,,,,,,,,,,,,,,,,,,,,,,,,,,,,,,,,,,,,20.51720238,21.25755501,21.68992996,25.03597069,27.09413719,30.47352028,40.28915024,49.51648712,54.57352448,54.56043243,58.21165848,56.46788025,63.82013702,66.80593872,71.83386993,69.77667999,72.51428223,75.85467529,88.38527679,,
Kyrgyz Republic,KGZ,Current health expenditure per capita (current US$),SH.XPD.CHEX.PC.CD,,,,,,,,,,,,,,,,,,,,,,,,,,,,,,,,,,,,,,,,,12.29036808,13.16161728,14.77255917,22.32097054,27.23155403,36.11393356,45.97068405,50.84462738,63.82300568,60.65092087,61.45378494,79.82953644,99.98524475,104.7845841,94.01564789,80.11972809,71.92367554,76.98123169,85.73608398,,
Cambodia,KHM,Current health expenditure per capita (current US$),SH.XPD.CHEX.PC.CD,,,,,,,,,,,,,,,,,,,,,,,,,,,,,,,,,,,,,,,,,19.73148346,22.56181908,24.55773354,25.21769905,28.98029327,32.49455261,33.02605438,30.96165657,49.2183609,55.96894836,54.29156113,66.20181274,69.04489136,71.99204254,73.28150177,72.03400421,77.65436554,82.05518341,90.55628204,,
Kiribati,KIR,Current health expenditure per capita (current US$),SH.XPD.CHEX.PC.CD,,,,,,,,,,,,,,,,,,,,,,,,,,,,,,,,,,,,,,,,,68.88991547,90.62192535,98.50437927,108.2701035,140.2951965,139.9230957,134.9060059,156.480072,200.8367004,176.545578,139.495224,148.8027039,154.0032349,162.524765,162.9607697,123.3463974,147.7773132,175.0655212,196.8479767,,
St. Kitts and Nevis,KNA,Current health expenditure per capita (current US$),SH.XPD.CHEX.PC.CD,,,,,,,,,,,,,,,,,,,,,,,,,,,,,,,,,,,,,,,,,458.5593872,451.6802368,473.8865356,487.4154968,491.5245056,551.9799194,678.223877,692.0773926,856.4127197,842.4627075,828.4822388,872.8114624,829.8215942,877.5029907,804.4545898,884.8460693,1006.637146,1030.478882,992.5917969,,
"Korea, Rep.",KOR,Current health expenditure per capita (current US$),SH.XPD.CHEX.PC.CD,,,,,,,,,,,,,,,,,,,,,,,,,,,,,,,,,,,,,,,,,473.9867554,508.2807617,544.2607422,644.149231,717.8743286,886.4706421,1065.266479,1223.174438,1149.708618,1106.064087,1366.384399,1512.452515,1566.122803,1701.154419,1898.920898,1918.689697,2034.436768,2258.668213,2542.818115,,
Kuwait,KWT,Current health expenditure per capita (current US$),SH.XPD.CHEX.PC.CD,,,,,,,,,,,,,,,,,,,,,,,,,,,,,,,,,,,,,,,,,463.8598328,598.4143677,637.4488525,715.6280518,744.8129273,846.2843018,964.0189819,976.5664063,1072.813354,1453.460449,1063.564697,1272.992432,1337.652588,1276.945068,1409.093628,1199.363525,1114.579956,1560.541748,1711.223389,,
Latin America & Caribbean (excluding high income),LAC,Current health expenditure per capita (current US$),SH.XPD.CHEX.PC.CD,,,,,,,,,,,,,,,,,,,,,,,,,,,,,,,,,,,,,,,,,275.8021573,268.8305251,230.8616278,241.7619329,273.5881834,330.0932196,385.5220889,461.3446262,529.6250159,525.0028067,628.9460404,714.7043393,711.6731869,740.4570599,746.0784306,659.0165252,621.7132512,709.6248027,654.1605337,,
Lao PDR,LAO,Current health expenditure per capita (current US$),SH.XPD.CHEX.PC.CD,,,,,,,,,,,,,,,,,,,,,,,,,,,,,,,,,,,,,,,,,14.38795185,14.76590061,13.1817894,17.97390747,16.57514763,17.68591881,19.59955788,25.21406746,27.1896553,36.23551178,34.97488022,27.45368385,32.83571243,43.81321716,45.93084335,52.37848282,54.50793457,61.20571136,57.11195755,,
Lebanon,LBN,Current health expenditure per capita (current US$),SH.XPD.CHEX.PC.CD,,,,,,,,,,,,,,,,,,,,,,,,,,,,,,,,,,,,,,,,,479.6019898,459.4657898,418.0903015,385.026947,370.4224548,345.3574219,400.7099915,445.7762451,477.757019,515.3891602,577.359375,627.6420898,633.5097046,600.7730103,605.2432861,587.4569092,609.0610352,661.4279785,686.4677734,,
Liberia,LBR,Current health expenditure per capita (current US$),SH.XPD.CHEX.PC.CD,,,,,,,,,,,,,,,,,,,,,,,,,,,,,,,,,,,,,,,,,12.50086308,10.08628559,8.54358292,7.72558451,22.52964973,26.44708443,25.11979103,37.23071289,35.63352966,44.75388718,45.5770874,55.07883072,56.53076553,59.07529831,65.21392822,73.39692688,69.9858551,56.9612236,45.42477798,,
Libya,LBY,Current health expenditure per capita (current US$),SH.XPD.CHEX.PC.CD,,,,,,,,,,,,,,,,,,,,,,,,,,,,,,,,,,,,,,,,,244.6750031,253.9099121,180.9859467,189.6885071,201.769455,212.0568085,234.7842255,275.479126,321.2136231,355.186615,399.019165,309.8786621,,,,,,,,,
St. Lucia,LCA,Current health expenditure per capita (current US$),SH.XPD.CHEX.PC.CD,,,,,,,,,,,,,,,,,,,,,,,,,,,,,,,,,,,,,,,,,289.2843018,288.7567444,304.0297852,322.109314,314.0553284,337.5200806,392.9121399,439.9048462,427.1851502,426.1854553,430.2377625,461.7883301,454.574707,482.4346314,423.3309631,426.8598938,471.2796021,473.3192444,464.709137,,
Latin America & Caribbean,LCN,Current health expenditure per capita (current US$),SH.XPD.CHEX.PC.CD,,,,,,,,,,,,,,,,,,,,,,,,,,,,,,,,,,,,,,,,,285.2366849,279.6131997,238.4742057,247.1534587,280.9657354,337.3241626,401.0794416,478.3786836,548.1661159,551.904744,654.8987057,730.2941181,733.2537372,756.6976435,760.8559723,678.805605,638.7844555,727.230487,666.9229178,,
Least developed countries: UN classification,LDC,Current health expenditure per capita (current US$),SH.XPD.CHEX.PC.CD,,,,,,,,,,,,,,,,,,,,,,,,,,,,,,,,,,,,,,,,,12.27473571,12.26511861,13.28146537,15.27370348,18.1643138,20.37629975,23.8804767,28.31173646,32.95311053,33.77494701,35.01075812,39.45651858,40.10685264,43.90325738,45.97566963,46.61947216,45.50203768,48.33338675,42.821909,,
Low income,LIC,Current health expenditure per capita (current US$),SH.XPD.CHEX.PC.CD,,,,,,,,,,,,,,,,,,,,,,,,,,,,,,,,,,,,,,,,,15.22041322,14.03785581,15.03201718,16.98507009,19.92427633,22.60810981,26.39158397,32.28684781,36.38163826,37.32172996,38.1167946,40.86875484,39.26328398,41.53049021,43.53808893,44.86931559,43.1507543,45.58092945,34.60294656,,
Liechtenstein,LIE,Current health expenditure per capita (current US$),SH.XPD.CHEX.PC.CD,,,,,,,,,,,,,,,,,,,,,,,,,,,,,,,,,,,,,,,,,,,,,,,,,,,,,,,,,,,,,
Sri Lanka,LKA,Current health expenditure per capita (current US$),SH.XPD.CHEX.PC.CD,,,,,,,,,,,,,,,,,,,,,,,,,,,,,,,,,,,,,,,,,43.71691132,41.32370377,42.84844971,42.36933517,50.92406845,57.3034668,65.39842987,73.7281723,92.90744781,100.3218689,108.2751846,118.9739685,113.4489822,137.6435242,137.6710053,149.9631805,151.4750214,158.7149353,157.4658508,,
Lower middle income,LMC,Current health expenditure per capita (current US$),SH.XPD.CHEX.PC.CD,,,,,,,,,,,,,,,,,,,,,,,,,,,,,,,,,,,,,,,,,23.84946108,25.22483679,26.0970483,29.79049118,33.82782029,39.52345297,45.33758608,53.99598553,61.24858893,62.82738042,73.15898704,82.47442499,86.39507017,89.53854366,89.58782962,87.38379884,89.11932751,93.19972058,97.67428561,,
Low & middle income,LMY,Current health expenditure per capita (current US$),SH.XPD.CHEX.PC.CD,,,,,,,,,,,,,,,,,,,,,,,,,,,,,,,,,,,,,,,,,60.66931928,60.93680459,60.13263596,67.40907619,78.01917633,91.8816741,106.2007667,127.7618738,152.5882592,156.4712386,180.0126098,208.3429914,221.8374495,238.3708015,244.1081956,232.4699131,229.7490394,253.0357104,264.2034191,,
Lesotho,LSO,Current health expenditure per capita (current US$),SH.XPD.CHEX.PC.CD,,,,,,,,,,,,,,,,,,,,,,,,,,,,,,,,,,,,,,,,,26.23996544,26.13252449,22.34071541,31.49400139,40.47372437,40.76879501,48.55776596,65.21094513,68.62264252,80.58473969,94.69707489,125.0348663,117.1376953,116.8080139,113.7230988,103.6326523,89.38617706,111.6414261,124.7896729,,
Late-demographic dividend,LTE,Current health expenditure per capita (current US$),SH.XPD.CHEX.PC.CD,,,,,,,,,,,,,,,,,,,,,,,,,,,,,,,,,,,,,,,,,88.01362896,88.83012339,94.44091664,105.4494803,123.8471265,148.5005383,175.8143208,216.8478395,273.8637133,285.6934776,325.1903126,385.469993,414.0480492,453.9420751,475.7328605,446.1876526,449.3157057,505.8905561,548.5385076,,
Lithuania,LTU,Current health expenditure per capita (current US$),SH.XPD.CHEX.PC.CD,,,,,,,,,,,,,,,,,,,,,,,,,,,,,,,,,,,,,,,,,217.1761322,218.8180237,254.3668823,338.8630676,366.9596863,438.9326782,536.0573731,704.2931519,936.5093384,864.7363892,805.2244873,925.4716187,896.9370728,958.9271851,1021.232971,920.1997681,988.5279541,1083.303345,1249.254639,,
Luxembourg,LUX,Current health expenditure per capita (current US$),SH.XPD.CHEX.PC.CD,,,,,,,,,,,,,,,,,,,,,,,,,,,,,,,,,,,,,,,,,2901.199951,3109.201416,3600.867432,4607.402832,5610.353516,5818.145996,6070.73584,6671.265137,7578.749512,7670.59375,7459.835449,7174.739258,6029.475098,6356.644531,6547.034668,5421.932129,5475.139648,5713.118652,6227.083984,,
Latvia,LVA,Current health expenditure per capita (current US$),SH.XPD.CHEX.PC.CD,,,,,,,,,,,,,,,,,,,,,,,,,,,,,,,,,,,,,,,,,181.5707245,205.0204773,237.295166,280.5087891,393.2980652,440.8097534,552.3015747,775.1915283,913.5214844,744.6616211,689.0772095,764.5917358,745.5174561,807.1300049,856.7665405,775.8643189,874.7977295,932.5015869,1101.492554,,
"Macao SAR, China",MAC,Current health expenditure per capita (current US$),SH.XPD.CHEX.PC.CD,,,,,,,,,,,,,,,,,,,,,,,,,,,,,,,,,,,,,,,,,,,,,,,,,,,,,,,,,,,,,
St. Martin (French part),MAF,Current health expenditure per capita (current US$),SH.XPD.CHEX.PC.CD,,,,,,,,,,,,,,,,,,,,,,,,,,,,,,,,,,,,,,,,,,,,,,,,,,,,,,,,,,,,,
Morocco,MAR,Current health expenditure per capita (current US$),SH.XPD.CHEX.PC.CD,,,,,,,,,,,,,,,,,,,,,,,,,,,,,,,,,,,,,,,,,53.68618393,55.9498291,63.52367401,79.60365295,93.63453674,97.53405762,110.1037979,137.5432739,155.5387726,169.9503632,169.009491,177.2804108,169.9576721,180.2019806,170.7411346,148.0387421,154.1124115,161.4505158,174.7818451,,
Monaco,MCO,Current health expenditure per capita (current US$),SH.XPD.CHEX.PC.CD,,,,,,,,,,,,,,,,,,,,,,,,,,,,,,,,,,,,,,,,,1408.094238,1431.0979,1560.757202,2214.744141,2570.390137,2628.193115,2706.681885,3039.027832,3573.521484,3523.19043,3509.358887,3677.420166,3519.940674,3817.898682,3947.423584,3365.927246,2765.084473,2751.731445,2968.500488,,
Moldova,MDA,Current health expenditure per capita (current US$),SH.XPD.CHEX.PC.CD,,,,,,,,,,,,,,,,,,,,,,,,,,,,,,,,,,,,,,,,,21.37988472,25.39859009,33.9242363,38.43836975,64.60714722,79.33213043,100.1081619,135.4436646,185.5611572,208.5300446,198.2889404,214.9824677,223.6189575,231.6622925,230.7698212,186.4364319,171.1847687,191.19487,212.9703827,,
Madagascar,MDG,Current health expenditure per capita (current US$),SH.XPD.CHEX.PC.CD,,,,,,,,,,,,,,,,,,,,,,,,,,,,,,,,,,,,,,,,,12.86519241,15.53348637,15.12862587,17.46053123,15.03719425,16.50335312,17.19776154,19.67164612,22.19978905,20.83815002,21.95882225,23.59220695,19.57540894,19.53066635,22.99704552,22.90582275,24.48439217,24.68006706,22.0497551,,
Maldives,MDV,Current health expenditure per capita (current US$),SH.XPD.CHEX.PC.CD,,,,,,,,,,,,,,,,,,,,,,,,,,,,,,,,,,,,,,,,,221.9207306,230.1708679,247.301651,235.6195221,294.9519043,321.3184204,387.1233215,462.9902344,758.7109985,669.8102417,600.6443481,577.6629639,630.1425171,645.0605469,672.1196289,785.0316162,946.8111572,885.0842896,973.5369263,,
Middle East & North Africa,MEA,Current health expenditure per capita (current US$),SH.XPD.CHEX.PC.CD,,,,,,,,,,,,,,,,,,,,,,,,,,,,,,,,,,,,,,,,,147.78741,154.9062718,153.5960794,150.6077216,165.8820769,185.2706009,207.6084825,242.6053463,287.2230538,318.981875,341.4638059,391.2477425,414.2359499,431.6938046,453.6877851,429.2679707,452.4631192,501.5412464,520.8899277,,
Mexico,MEX,Current health expenditure per capita (current US$),SH.XPD.CHEX.PC.CD,,,,,,,,,,,,,,,,,,,,,,,,,,,,,,,,,,,,,,,,,318.4615173,363.673584,385.0985107,411.4224243,445.6203919,483.0953674,512.8331909,556.0402832,570.8305054,490.5658569,553.9777832,581.7102661,598.3488159,637.159668,614.9742432,556.8665772,490.7993774,512.0656738,519.6054688,,
Marshall Islands,MHL,Current health expenditure per capita (current US$),SH.XPD.CHEX.PC.CD,,,,,,,,,,,,,,,,,,,,,,,,,,,,,,,,,,,,,,,,,430.9180603,386.6804199,361.0734558,351.0636902,421.2368164,543.7558594,562.3250732,476.0579529,461.6322327,437.6483154,449.4134827,453.5579834,471.8939209,492.9692993,476.2593079,546.9879761,605.2815552,587.5531616,643.065918,,
Middle income,MIC,Current health expenditure per capita (current US$),SH.XPD.CHEX.PC.CD,,,,,,,,,,,,,,,,,,,,,,,,,,,,,,,,,,,,,,,,,63.92247815,64.3464816,63.68102316,71.42360268,82.72624471,97.59365107,112.8980795,135.9163171,162.6870629,167.0016203,192.7275606,223.5849924,238.725392,256.1346354,262.5301135,250.0056748,246.5904842,272.4922911,286.1108144,,
North Macedonia,MKD,Current health expenditure per capita (current US$),SH.XPD.CHEX.PC.CD,,,,,,,,,,,,,,,,,,,,,,,,,,,,,,,,,,,,,,,,,164.4736481,152.1587219,175.036026,217.2165527,233.9918213,233.1067352,245.6707306,265.3627014,314.1453247,296.6654053,305.2322998,329.9504395,310.7749939,350.2098999,343.8786621,306.9151001,327.4913635,358.3068848,399.0970764,,
Mali,MLI,Current health expenditure per capita (current US$),SH.XPD.CHEX.PC.CD,,,,,,,,,,,,,,,,,,,,,,,,,,,,,,,,,,,,,,,,,14.75309944,13.89508247,16.74376488,19.82828903,22.97034264,25.39648056,28.51480293,31.34812164,35.02916718,36.54620361,33.20299911,33.59200668,29.21658516,31.9307003,37.96685791,30.8840313,29.44280052,34.00102997,34.95166016,,
Malta,MLT,Current health expenditure per capita (current US$),SH.XPD.CHEX.PC.CD,,,,,,,,,,,,,,,,,,,,,,,,,,,,,,,,,,,,,,,,,647.1015015,685.9840088,830.6463013,1074.09314,1223.857422,1379.686401,1474.484497,1596.123169,1751.165039,1677.362305,1733.668823,1960.061157,1898.60144,2121.082275,2456.434814,2243.467041,2321.15332,2551.716064,2753.510986,,
Myanmar,MMR,Current health expenditure per capita (current US$),SH.XPD.CHEX.PC.CD,,,,,,,,,,,,,,,,,,,,,,,,,,,,,,,,,,,,,,,,,4.33537483,4.48454952,6.86361122,6.37247419,6.79912138,7.41623688,8.21358681,9.61486912,14.25486851,18.11137199,19.6023674,26.56099129,36.11348343,36.53030014,52.62075806,61.70107269,57.93581772,57.859272,59.20605469,,
Middle East & North Africa (excluding high income),MNA,Current health expenditure per capita (current US$),SH.XPD.CHEX.PC.CD,,,,,,,,,,,,,,,,,,,,,,,,,,,,,,,,,,,,,,,,,80.08070361,85.05642538,86.27958084,83.67914524,96.33821456,108.0104084,121.1801175,148.0531911,180.5902828,204.8968643,225.5398673,255.5886517,266.1036318,255.0808393,253.9028729,240.9120858,262.168312,264.5826938,273.5545509,,
Montenegro,MNE,Current health expenditure per capita (current US$),SH.XPD.CHEX.PC.CD,,,,,,,,,,,,,,,,,,,,,,,,,,,,,,,,,,,,,,,,,,,,,,,,,,,,,,,,,,,731.4816895,,
Mongolia,MNG,Current health expenditure per capita (current US$),SH.XPD.CHEX.PC.CD,,,,,,,,,,,,,,,,,,,,,,,,,,,,,,,,,,,,,,,,,27.00856018,26.48761559,29.65744781,26.50799942,33.172966,37.50867462,50.02914047,66.53733063,97.36168671,76.45706177,98.84479523,134.7506256,167.7624207,177.582489,174.2423554,166.0827789,161.9085999,146.9620819,155.0936737,,
Northern Mariana Islands,MNP,Current health expenditure per capita (current US$),SH.XPD.CHEX.PC.CD,,,,,,,,,,,,,,,,,,,,,,,,,,,,,,,,,,,,,,,,,,,,,,,,,,,,,,,,,,,,,
Mozambique,MOZ,Current health expenditure per capita (current US$),SH.XPD.CHEX.PC.CD,,,,,,,,,,,,,,,,,,,,,,,,,,,,,,,,,,,,,,,,,7.10689354,8.87072754,10.28336811,11.53792667,14.07469845,18.23710632,17.79965973,19.75497627,24.3008213,26.94626808,25.1751461,29.33419418,34.50271606,40.73832703,42.45389938,39.61871719,30.72076035,35.9498558,40.26391602,,
Mauritania,MRT,Current health expenditure per capita (current US$),SH.XPD.CHEX.PC.CD,,,,,,,,,,,,,,,,,,,,,,,,,,,,,,,,,,,,,,,,,22.87253761,23.09371185,25.60963631,28.95334435,30.72266579,33.05524826,34.04533005,39.03982544,47.60751343,43.22557068,42.47654724,46.50239563,48.08863068,54.26546097,58.04791641,55.98908615,47.35323715,51.61418533,54.48972321,,
Mauritius,MUS,Current health expenditure per capita (current US$),SH.XPD.CHEX.PC.CD,,,,,,,,,,,,,,,,,,,,,,,,,,,,,,,,,,,,,,,,,118.9770737,119.4685364,135.9414368,162.0018463,189.9288025,197.6750488,209.1485443,235.8505707,321.8163147,310.1556091,367.1207886,396.6121521,398.1218872,452.455658,559.4445801,529.161377,553.2136231,599.4442139,653.347229,,
Malawi,MWI,Current health expenditure per capita (current US$),SH.XPD.CHEX.PC.CD,,,,,,,,,,,,,,,,,,,,,,,,,,,,,,,,,,,,,,,,,9.09148884,7.73601103,11.26799107,12.50175095,16.20174026,17.5325985,21.31405258,25.46150398,33.32744598,36.23827744,34.66256714,40.08781815,33.20030212,40.3452301,36.05779648,35.68380356,30.94216537,33.99734879,35.49821854,,
Malaysia,MYS,Current health expenditure per capita (current US$),SH.XPD.CHEX.PC.CD,,,,,,,,,,,,,,,,,,,,,,,,,,,,,,,,,,,,,,,,,111.3384934,114.6087189,121.8090744,142.7466888,154.9348755,163.9327393,203.2125397,233.8564301,268.3900452,250.2592316,292.0030212,352.2692261,382.6615295,391.8995667,427.6607056,379.9004822,362.1148682,380.68573,427.217041,,
North America,NAC,Current health expenditure per capita (current US$),SH.XPD.CHEX.PC.CD,,,,,,,,,,,,,,,,,,,,,,,,,,,,,,,,,,,,,,,,,4313.693332,4635.054886,5020.531773,5428.707915,5790.958789,6143.993822,6521.640996,6879.531667,7119.878114,7352.86105,7644.722925,7855.277592,8106.533616,8280.838071,8639.636285,9002.742799,9348.370515,9667.612284,10050.51629,,
Namibia,NAM,Current health expenditure per capita (current US$),SH.XPD.CHEX.PC.CD,,,,,,,,,,,,,,,,,,,,,,,,,,,,,,,,,,,,,,,,,213.267273,188.2023163,179.5495911,263.3314819,358.1589356,386.4403381,416.1722107,469.6120911,412.7146301,383.662262,517.2376099,562.5910645,550.4981079,488.8635254,459.9441834,488.6906128,423.8744507,468.0405579,471.4856873,,
New Caledonia,NCL,Current health expenditure per capita (current US$),SH.XPD.CHEX.PC.CD,,,,,,,,,,,,,,,,,,,,,,,,,,,,,,,,,,,,,,,,,,,,,,,,,,,,,,,,,,,,,
Niger,NER,Current health expenditure per capita (current US$),SH.XPD.CHEX.PC.CD,,,,,,,,,,,,,,,,,,,,,,,,,,,,,,,,,,,,,,,,,10.58441544,11.08416271,12.42963505,14.61135769,16.08820152,20.27094841,21.34530449,22.24166489,26.18297386,27.05620766,23.85829926,24.89789391,22.76922607,24.62716293,25.02994919,25.87792969,22.55697441,28.80011749,30.35857964,,
Nigeria,NGA,Current health expenditure per capita (current US$),SH.XPD.CHEX.PC.CD,,,,,,,,,,,,,,,,,,,,,,,,,,,,,,,,,,,,,,,,,17.73399734,18.60057449,18.20248985,39.43843842,44.63315582,54.55794525,66.54981232,70.07374573,81.24026489,68.99747467,76.75720978,84.46413422,92.61115265,102.5548401,107.9087524,97.80262756,79.37476349,73.93003845,83.75351715,,
Nicaragua,NIC,Current health expenditure per capita (current US$),SH.XPD.CHEX.PC.CD,,,,,,,,,,,,,,,,,,,,,,,,,,,,,,,,,,,,,,,,,52.80468369,57.04565811,57.37988281,61.17759705,65.40616608,72.34895325,77.98773193,92.37856293,107.4519959,111.0123215,115.9510269,123.3549881,131.8300629,138.3856812,154.2833862,163.2299347,169.6340332,180.3273468,173.7661133,,
Netherlands,NLD,Current health expenditure per capita (current US$),SH.XPD.CHEX.PC.CD,,,,,,,,,,,,,,,,,,,,,,,,,,,,,,,,,,,,,,,,,2028.181396,2175.730469,2544.813721,3244.356445,3689.464355,3823.480957,4080.219727,4696.141602,5382.445801,5282.743164,5191.693848,5562.121094,5284.649902,5532.726563,5601.885742,4676.57666,4734.833496,4910.899414,5306.534668,,
Norway,NOR,Current health expenditure per capita (current US$),SH.XPD.CHEX.PC.CD,,,,,,,,,,,,,,,,,,,,,,,,,,,,,,,,,,,,,,,,,2948.931641,3099.003418,3889.959473,4632.568359,5097.344238,5584.689453,5892.987305,6895.560547,7768.050293,7301.959961,7859.516113,8900.37207,8970.120117,9241.265625,9118.317383,7565.549805,7496.768555,7815.786621,8239.095703,,
Nepal,NPL,Current health expenditure per capita (current US$),SH.XPD.CHEX.PC.CD,,,,,,,,,,,,,,,,,,,,,,,,,,,,,,,,,,,,,,,,,8.55345249,10.52144337,10.71954441,11.33715725,13.22838974,14.45738506,13.94222355,17.40269661,19.09256172,21.09090996,29.98280716,34.68226624,34.3300705,36.02222443,43.16950226,47.8875351,48.31941986,50.8261261,57.84656143,,
Nauru,NRU,Current health expenditure per capita (current US$),SH.XPD.CHEX.PC.CD,,,,,,,,,,,,,,,,,,,,,,,,,,,,,,,,,,,,,,,,,456.1726379,346.1298218,298.3062744,275.3778076,219.6870422,335.6072998,371.0635071,598.220398,819.0628662,566.4799805,651.531311,697.8994141,886.1394043,838.4356079,1007.96936,1143.246582,1369.539673,1217.511108,965.8007202,,
New Zealand,NZL,Current health expenditure per capita (current US$),SH.XPD.CHEX.PC.CD,,,,,,,,,,,,,,,,,,,,,,,,,,,,,,,,,,,,,,,,,1053.891602,1049.376099,1246.313477,1610.937622,1983.658813,2295.177979,2301.891846,2699.412842,2839.178955,2700.977051,3216.223633,3625.772461,3805.97168,3954.666992,4143.788086,3582.272949,3746.476807,3940.390381,4037.462891,,
OECD members,OED,Current health expenditure per capita (current US$),SH.XPD.CHEX.PC.CD,,,,,,,,,,,,,,,,,,,,,,,,,,,,,,,,,,,,,,,,,2157.309007,2233.883508,2414.867132,2737.504141,3015.271996,3176.949821,3346.225434,3634.892833,3892.948437,3936.94026,4072.122354,4368.877447,4380.39696,4411.463581,4527.756699,4372.161429,4507.544058,4659.974745,4885.487448,,
Oman,OMN,Current health expenditure per capita (current US$),SH.XPD.CHEX.PC.CD,,,,,,,,,,,,,,,,,,,,,,,,,,,,,,,,,,,,,,,,,263.5175171,261.3163757,274.3796082,287.6635132,301.3301086,320.2121887,333.23526,384.2087097,445.4979248,476.1199036,529.0809326,533.0320435,559.0185547,584.1394043,710.041626,695.1911621,637.1912842,601.2178345,678.2310181,,
Other small states,OSS,Current health expenditure per capita (current US$),SH.XPD.CHEX.PC.CD,,,,,,,,,,,,,,,,,,,,,,,,,,,,,,,,,,,,,,,,,227.98112,224.9609341,249.0420301,314.2200384,363.2966289,395.7070345,419.7895604,489.3565188,534.66022,509.587769,522.7028733,566.8778246,574.5083501,620.3428321,660.7776385,624.8799501,620.739875,648.1800592,681.014553,,
Pakistan,PAK,Current health expenditure per capita (current US$),SH.XPD.CHEX.PC.CD,,,,,,,,,,,,,,,,,,,,,,,,,,,,,,,,,,,,,,,,,15.58189678,13.58520126,15.18973827,14.45083237,15.63451576,19.88389397,24.99266052,28.44916725,25.72966003,24.05052757,25.25600243,27.06708717,27.04106331,29.97559357,34.69661713,35.98087311,38.91104126,42.25715637,42.87313461,,
Panama,PAN,Current health expenditure per capita (current US$),SH.XPD.CHEX.PC.CD,,,,,,,,,,,,,,,,,,,,,,,,,,,,,,,,,,,,,,,,,285.2023315,281.0045166,291.9536438,286.9850464,326.210907,304.4779968,350.7443848,427.2287293,489.8159485,530.0705566,572.6137085,616.9995117,703.8284302,790.7766724,885.6642456,928.0967407,1050.243652,1046.336792,1131.660156,,
Peru,PER,Current health expenditure per capita (current US$),SH.XPD.CHEX.PC.CD,,,,,,,,,,,,,,,,,,,,,,,,,,,,,,,,,,,,,,,,,87.61366272,95.54106903,103.8370285,110.1789627,115.7181702,122.1709747,141.2171478,158.8526764,189.5574036,208.8805542,242.1920013,269.9985046,310.9136963,319.2024231,335.77771,315.9545593,318.4595032,340.1985474,369.0784607,,
Philippines,PHL,Current health expenditure per capita (current US$),SH.XPD.CHEX.PC.CD,,,,,,,,,,,,,,,,,,,,,,,,,,,,,,,,,,,,,,,,,32.77544785,28.20890999,27.33049011,32.2433815,34.17014694,46.57011795,54.86775589,65.47948456,77.18696594,79.30064392,91.60559845,98.64657593,112.5436096,122.7274628,116.8602371,123.9001007,129.6149292,132.5789642,136.5388184,,
Palau,PLW,Current health expenditure per capita (current US$),SH.XPD.CHEX.PC.CD,,,,,,,,,,,,,,,,,,,,,,,,,,,,,,,,,,,,,,,,,678.1436768,639.4606934,665.6698608,701.3195801,828.7808838,873.7719116,934.9093018,1003.277954,1000.245483,1037.087769,1183.166748,1176.575806,1392.048584,1535.45105,1678.012085,1805.98584,2031.472778,1947.853271,1723.455322,,
Papua New Guinea,PNG,Current health expenditure per capita (current US$),SH.XPD.CHEX.PC.CD,,,,,,,,,,,,,,,,,,,,,,,,,,,,,,,,,,,,,,,,,17.84069252,17.44826126,19.96473694,21.63471603,25.62973022,27.67082405,30.49430084,33.9405365,35.72151947,37.88201141,41.08378601,55.21439743,74.42443085,81.8216095,95.54537964,48.73184967,58.48953247,60.09675598,63.7678833,,
Poland,POL,Current health expenditure per capita (current US$),SH.XPD.CHEX.PC.CD,,,,,,,,,,,,,,,,,,,,,,,,,,,,,,,,,,,,,,,,,238.0044861,282.8210449,315.8314514,339.3352051,392.0033875,465.7001953,524.0974731,660.9246826,892.5968628,759.6057739,809.1994019,866.0946655,815.1418457,878.088501,911.2981567,803.9596558,813.4727783,909.578186,978.7356567,,
Pre-demographic dividend,PRE,Current health expenditure per capita (current US$),SH.XPD.CHEX.PC.CD,,,,,,,,,,,,,,,,,,,,,,,,,,,,,,,,,,,,,,,,,17.25799934,17.18030761,17.85322679,25.4258791,30.95870832,35.41000796,42.27826249,49.39834275,57.85014212,55.68898023,56.71197718,63.01302855,64.70314559,71.48017088,72.90810746,67.44858126,62.86422492,66.41499596,63.31949266,,
Puerto Rico,PRI,Current health expenditure per capita (current US$),SH.XPD.CHEX.PC.CD,,,,,,,,,,,,,,,,,,,,,,,,,,,,,,,,,,,,,,,,,,,,,,,,,,,,,,,,,,,,,
"Korea, Dem. People's Rep.",PRK,Current health expenditure per capita (current US$),SH.XPD.CHEX.PC.CD,,,,,,,,,,,,,,,,,,,,,,,,,,,,,,,,,,,,,,,,,,,,,,,,,,,,,,,,,,,,,
Portugal,PRT,Current health expenditure per capita (current US$),SH.XPD.CHEX.PC.CD,,,,,,,,,,,,,,,,,,,,,,,,,,,,,,,,,,,,,,,,,969.5521851,989.6211548,1110.387329,1409.029419,1682.242432,1774.185303,1814.213623,2069.86084,2331.429932,2288.643555,2215.257324,2210.587402,1918.490723,1959.981567,1989.542114,1725.2229,1880.15686,2003.263306,2215.173584,,
Paraguay,PRY,Current health expenditure per capita (current US$),SH.XPD.CHEX.PC.CD,,,,,,,,,,,,,,,,,,,,,,,,,,,,,,,,,,,,,,,,,91.54776764,78.92408752,54.52845001,58.68876648,71.06072235,75.27656555,96.14305115,124.286438,168.1820374,161.8488922,200.6642914,268.8555603,339.382843,361.2968445,405.6223145,364.7891541,357.7476196,378.018219,400.3927307,,
West Bank and Gaza,PSE,Current health expenditure per capita (current US$),SH.XPD.CHEX.PC.CD,,,,,,,,,,,,,,,,,,,,,,,,,,,,,,,,,,,,,,,,,,,,,,,,,,,,,,,,,,,,,
Pacific island small states,PSS,Current health expenditure per capita (current US$),SH.XPD.CHEX.PC.CD,,,,,,,,,,,,,,,,,,,,,,,,,,,,,,,,,,,,,,,,,89.23893885,85.99524112,94.55042016,100.7685732,124.7186108,147.8648964,146.3897848,153.7711817,156.5362362,152.3049382,169.9097659,175.5509048,182.3234113,188.886941,198.0847141,188.4049019,194.3734889,198.4421912,206.8103026,,
Post-demographic dividend,PST,Current health expenditure per capita (current US$),SH.XPD.CHEX.PC.CD,,,,,,,,,,,,,,,,,,,,,,,,,,,,,,,,,,,,,,,,,2485.032163,2578.511366,2794.92403,3177.606612,3502.704377,3690.115273,3890.262911,4223.644023,4521.368726,4599.578484,4757.14761,5118.636819,5142.205274,5177.737171,5331.737279,5175.699912,5356.741008,5544.929987,5832.623234,,
French Polynesia,PYF,Current health expenditure per capita (current US$),SH.XPD.CHEX.PC.CD,,,,,,,,,,,,,,,,,,,,,,,,,,,,,,,,,,,,,,,,,,,,,,,,,,,,,,,,,,,,,
Qatar,QAT,Current health expenditure per capita (current US$),SH.XPD.CHEX.PC.CD,,,,,,,,,,,,,,,,,,,,,,,,,,,,,,,,,,,,,,,,,602.1158447,659.9840698,742.269043,1218.352417,1295.111816,1321.939453,1311.676025,1290.986938,1283.849243,1270.248535,1206.003052,1318.521973,1487.32019,1765.828369,2041.589478,1999.582764,1822.369995,1667.372559,1716.265137,,
Romania,ROU,Current health expenditure per capita (current US$),SH.XPD.CHEX.PC.CD,,,,,,,,,,,,,,,,,,,,,,,,,,,,,,,,,,,,,,,,,69.89345551,78.8175354,96.57698822,143.5455322,190.7950592,254.5296173,291.0040894,415.0679016,521.3156128,449.3769226,472.2075195,426.5997315,401.671051,495.2362366,503.3475342,442.240387,476.2450562,555.1130981,687.2543945,,
Russian Federation,RUS,Current health expenditure per capita (current US$),SH.XPD.CHEX.PC.CD,,,,,,,,,,,,,,,,,,,,,,,,,,,,,,,,,,,,,,,,,95.4120636,118.1094894,140.7553864,164.6477356,209.1970978,271.884613,352.5519409,461.5053101,609.1602173,515.8544922,566.0908814,682.6605835,757.0445557,807.0765381,737.649231,498.0559692,464.8977661,579.6721802,609.0091553,,
Rwanda,RWA,Current health expenditure per capita (current US$),SH.XPD.CHEX.PC.CD,,,,,,,,,,,,,,,,,,,,,,,,,,,,,,,,,,,,,,,,,9.322052,7.92092705,7.30057716,17.31920624,20.55388832,25.63013649,27.64455414,34.4347496,41.09491348,45.26377106,49.29988861,53.06285095,58.85438538,49.14559174,51.86009598,49.96376419,51.88179779,52.86735153,58.30852127,,
South Asia,SAS,Current health expenditure per capita (current US$),SH.XPD.CHEX.PC.CD,,,,,,,,,,,,,,,,,,,,,,,,,,,,,,,,,,,,,,,,,17.49122579,18.26152407,18.83124947,20.19021948,22.91645673,25.53949965,27.75485878,33.29763854,35.11483715,35.6080152,41.42784203,44.72550606,44.97081417,51.35324914,53.05863414,55.10007501,56.93219579,64.29320813,67.15566931,,
Saudi Arabia,SAU,Current health expenditure per capita (current US$),SH.XPD.CHEX.PC.CD,,,,,,,,,,,,,,,,,,,,,,,,,,,,,,,,,,,,,,,,,386.2592163,387.4862976,369.5001831,382.3901062,400.875824,471.1194458,556.0655518,587.9784546,596.5264893,691.3226929,702.6710815,881.395752,1014.699646,1109.505737,1278.976563,1237.333496,1160.049927,1456.939575,1484.593384,,
Sudan,SDN,Current health expenditure per capita (current US$),SH.XPD.CHEX.PC.CD,,,,,,,,,,,,,,,,,,,,,,,,,,,,,,,,,,,,,,,,,15.23164654,16.57659912,18.30408287,24.7358799,32.12231064,40.80571747,61.05639648,90.58113861,92.22037506,95.33586884,93.45315552,134.8076477,102.5439377,127.1628647,116.9351425,158.8953095,165.8524628,192.6066589,60.17465973,,
Senegal,SEN,Current health expenditure per capita (current US$),SH.XPD.CHEX.PC.CD,,,,,,,,,,,,,,,,,,,,,,,,,,,,,,,,,,,,,,,,,21.67036438,23.83636856,26.79411125,35.65910339,42.50958252,36.46347809,38.64305115,40.83710861,49.03627014,50.08225632,51.16491318,57.52281189,56.23128891,60.18459702,61.3162117,53.41298294,54.07107544,55.10048676,58.90360641,,
Singapore,SGP,Current health expenditure per capita (current US$),SH.XPD.CHEX.PC.CD,,,,,,,,,,,,,,,,,,,,,,,,,,,,,,,,,,,,,,,,,797.2903442,696.6171875,757.1998291,852.968811,867.5126343,908.9459839,990.8016968,1121.342529,1295.249878,1328.52478,1496.776001,1676.001831,1828.897583,2078.594482,2206.107422,2302.599609,2476.174561,2619.080811,2823.638184,,
Solomon Islands,SLB,Current health expenditure per capita (current US$),SH.XPD.CHEX.PC.CD,,,,,,,,,,,,,,,,,,,,,,,,,,,,,,,,,,,,,,,,,48.76208496,63.40198898,80.12024689,55.58278275,66.74427032,91.19007874,89.24143219,89.9045105,78.39006805,99.86914825,133.3499298,115.5050507,106.2495117,106.3621903,114.3596573,99.42734528,99.27577209,97.43276978,94.96378326,,
Sierra Leone,SLE,Current health expenditure per capita (current US$),SH.XPD.CHEX.PC.CD,,,,,,,,,,,,,,,,,,,,,,,,,,,,,,,,,,,,,,,,,23.31109047,25.17224312,28.83034897,28.85776711,29.22132874,32.27239609,33.61574173,36.16654587,40.335495,43.41863632,43.97430801,59.54336929,59.9777298,82.92147827,140.9924316,120.9123993,87.10140228,82.54949188,85.77548218,,
El Salvador,SLV,Current health expenditure per capita (current US$),SH.XPD.CHEX.PC.CD,,,,,,,,,,,,,,,,,,,,,,,,,,,,,,,,,,,,,,,,,178.6319275,182.8806458,186.4581757,185.7367554,193.6116791,204.8970337,208.5317078,212.8181,224.842514,240.0522308,245.7085877,265.9998169,258.4768982,270.8797607,275.6874085,282.7453308,293.2580261,282.0367432,288.5174561,,
San Marino,SMR,Current health expenditure per capita (current US$),SH.XPD.CHEX.PC.CD,,,,,,,,,,,,,,,,,,,,,,,,,,,,,,,,,,,,,,,,,2151.650879,2172.196533,2248.690918,2496.627686,2908.695068,3004.915527,3211.688477,3741.922119,4301.019531,4209.331543,3991.243896,4248.477051,3984.977539,3993.264404,3835.263428,3102.817383,2958.554932,3287.473877,3463.700684,,
Somalia,SOM,Current health expenditure per capita (current US$),SH.XPD.CHEX.PC.CD,,,,,,,,,,,,,,,,,,,,,,,,,,,,,,,,,,,,,,,,,,,,,,,,,,,,,,,,,,,,,
Serbia,SRB,Current health expenditure per capita (current US$),SH.XPD.CHEX.PC.CD,,,,,,,,,,,,,,,,,,,,,,,,,,,,,,,,,,,,,,,,,56.50499725,112.2206192,173.2740479,230.1070862,274.4285584,307.5655823,371.557312,547.1903687,671.9564819,575.4691162,545.2910767,619.0800171,559.8135986,627.53302,608.8585815,491.25177,486.4294434,515.8458862,617.0865479,,
Sub-Saharan Africa (excluding high income),SSA,Current health expenditure per capita (current US$),SH.XPD.CHEX.PC.CD,,,,,,,,,,,,,,,,,,,,,,,,,,,,,,,,,,,,,,,,,32.22160284,30.10231025,28.66935225,41.31693517,50.00671785,56.14851414,62.48573618,69.2015966,74.25851198,73.50391037,83.63726013,91.77405806,91.41969967,93.20170639,92.7964324,86.55869999,79.67560127,84.12871062,83.18079402,,
South Sudan,SSD,Current health expenditure per capita (current US$),SH.XPD.CHEX.PC.CD,,,,,,,,,,,,,,,,,,,,,,,,,,,,,,,,,,,,,,,,,,,,,,,,,,,,,,,,,,26.38130379,26.78586388,,
Sub-Saharan Africa,SSF,Current health expenditure per capita (current US$),SH.XPD.CHEX.PC.CD,,,,,,,,,,,,,,,,,,,,,,,,,,,,,,,,,,,,,,,,,32.26198815,30.14904796,28.71284342,41.3647729,50.05890184,56.20079456,62.53868479,69.24581301,74.29728301,73.53496747,83.68275005,91.81825356,91.4753786,93.25529372,92.85274815,86.6143978,79.74135455,84.19291539,83.24903523,,
Small states,SST,Current health expenditure per capita (current US$),SH.XPD.CHEX.PC.CD,,,,,,,,,,,,,,,,,,,,,,,,,,,,,,,,,,,,,,,,,224.3703961,220.8092091,242.4862834,290.8582847,336.2185507,368.3823149,391.1634406,454.6866076,497.2794465,476.4761397,492.7104699,529.9837017,538.6133709,576.7609723,609.7540485,587.3127776,584.4156921,613.3857758,641.4780706,,
Sao Tome and Principe,STP,Current health expenditure per capita (current US$),SH.XPD.CHEX.PC.CD,,,,,,,,,,,,,,,,,,,,,,,,,,,,,,,,,,,,,,,,,56.68047333,53.57339478,57.77625275,80.15371704,80.71757507,91.52962494,68.29799652,71.05831909,78.14442444,76.83090973,74.93682098,85.38578796,86.81771088,125.176033,120.006073,85.22420502,109.9806061,117.0106812,125.4003983,,
Suriname,SUR,Current health expenditure per capita (current US$),SH.XPD.CHEX.PC.CD,,,,,,,,,,,,,,,,,,,,,,,,,,,,,,,,,,,,,,,,,168.918747,93.65898895,162.9091034,173.2046356,221.2223663,251.2885895,325.9138794,321.1723633,347.2540894,394.9021912,415.2991028,390.1407776,422.1010742,451.7543335,458.5661011,532.4972534,351.9419251,335.10849,474.1265564,,
Slovak Republic,SVK,Current health expenditure per capita (current US$),SH.XPD.CHEX.PC.CD,,,,,,,,,,,,,,,,,,,,,,,,,,,,,,,,,,,,,,,,,203.5062714,212.2220764,254.127655,344.4733582,511.5298767,601.3132324,729.0132446,1029.300415,1251.677246,1320.093018,1296.542847,1352.438354,1319.438354,1370.467651,1289.348389,1108.878174,1175.597046,1189.072266,1299.911377,,
Slovenia,SVN,Current health expenditure per capita (current US$),SH.XPD.CHEX.PC.CD,,,,,,,,,,,,,,,,,,,,,,,,,,,,,,,,,,,,,,,,,796.6470337,826.225769,944.8713989,1203.063477,1368.648682,1449.189209,1541.664307,1795.950439,2179.452393,2125.056885,2017.146606,2147.805176,1974.854004,2055.381348,2062.384766,1775.86084,1835.407349,1925.03479,2169.579102,,
Sweden,SWE,Current health expenditure per capita (current US$),SH.XPD.CHEX.PC.CD,,,,,,,,,,,,,,,,,,,,,,,,,,,,,,,,,,,,,,,,,2173.193848,2155.440186,2458.130127,3109.148682,3486.5354,3545.955078,3763.105469,4307.144531,4626.638672,4137.5,4420.259766,6354.291992,6254.64502,6696.117188,6605.987305,5595.033203,5674.477539,5838.215332,5981.706055,,
Eswatini,SWZ,Current health expenditure per capita (current US$),SH.XPD.CHEX.PC.CD,,,,,,,,,,,,,,,,,,,,,,,,,,,,,,,,,,,,,,,,,79.68417358,78.20019531,77.6235733,137.0496063,183.9289246,227.4730377,248.5896149,263.8681946,277.9058533,292.2944031,358.1239014,380.8573608,354.0736389,315.4493713,293.0811462,259.5190735,233.6351471,273.1782227,271.1400757,,
Sint Maarten (Dutch part),SXM,Current health expenditure per capita (current US$),SH.XPD.CHEX.PC.CD,,,,,,,,,,,,,,,,,,,,,,,,,,,,,,,,,,,,,,,,,,,,,,,,,,,,,,,,,,,,,
Seychelles,SYC,Current health expenditure per capita (current US$),SH.XPD.CHEX.PC.CD,,,,,,,,,,,,,,,,,,,,,,,,,,,,,,,,,,,,,,,,,349.9909668,407.3317566,378.2289429,440.6242065,499.0007935,516.0362549,531.0997925,469.2086487,426.6879883,362.4761963,513.0844116,531.9240723,655.6914673,641.0679321,675.3034058,665.4511108,772.4489136,777.8544922,833.0789795,,
Syrian Arab Republic,SYR,Current health expenditure per capita (current US$),SH.XPD.CHEX.PC.CD,,,,,,,,,,,,,,,,,,,,,,,,,,,,,,,,,,,,,,,,,54.21872711,58.47392654,63.93671417,61.29418945,61.67289352,63.55982208,65.62462616,75.41347504,86.41690063,90.49646759,92.73750305,80.71446228,69.83010864,,,,,,,,
Turks and Caicos Islands,TCA,Current health expenditure per capita (current US$),SH.XPD.CHEX.PC.CD,,,,,,,,,,,,,,,,,,,,,,,,,,,,,,,,,,,,,,,,,,,,,,,,,,,,,,,,,,,,,
Chad,TCD,Current health expenditure per capita (current US$),SH.XPD.CHEX.PC.CD,,,,,,,,,,,,,,,,,,,,,,,,,,,,,,,,,,,,,,,,,10.23765469,11.79921436,18.12550163,18.198349,28.2273941,31.98035049,34.6416626,34.82590866,37.71233368,35.68569183,36.28798676,38.49904251,37.41161346,39.95672226,43.72490692,35.09303284,34.352211,29.49969864,29.23851013,,
East Asia & Pacific (IDA & IBRD countries),TEA,Current health expenditure per capita (current US$),SH.XPD.CHEX.PC.CD,,,,,,,,,,,,,,,,,,,,,,,,,,,,,,,,,,,,,,,,,37.95189302,39.08328752,43.6062962,49.80028039,56.01713795,64.32723594,73.87626878,88.42999231,115.6128095,137.4178524,159.7546729,198.7208984,232.3271483,263.9102967,287.3518304,306.3333211,311.5407767,341.8068835,387.211724,,
Europe & Central Asia (IDA & IBRD countries),TEC,Current health expenditure per capita (current US$),SH.XPD.CHEX.PC.CD,,,,,,,,,,,,,,,,,,,,,,,,,,,,,,,,,,,,,,,,,106.5499553,115.4226215,135.4036777,163.9920338,204.562169,254.8581933,306.4246592,389.7139174,490.2682367,423.1870331,456.4988159,507.2072343,532.1836261,566.8844429,537.4657997,418.5436443,408.221069,456.275905,475.8306567,,
Togo,TGO,Current health expenditure per capita (current US$),SH.XPD.CHEX.PC.CD,,,,,,,,,,,,,,,,,,,,,,,,,,,,,,,,,,,,,,,,,10.0020895,10.01389408,11.27595139,13.87164688,15.23324203,16.12846947,16.95442963,19.91258812,24.14238548,26.69591522,31.4792347,35.15558624,35.11561584,39.1137619,40.70421219,35.66401672,39.26917267,37.47055817,41.83677292,,
Thailand,THA,Current health expenditure per capita (current US$),SH.XPD.CHEX.PC.CD,,,,,,,,,,,,,,,,,,,,,,,,,,,,,,,,,,,,,,,,,62.2649498,57.29465866,69.9021225,76.5091095,83.49951172,91.44425964,104.4460144,126.849556,151.5072632,152.4855652,172.0929718,195.9727325,206.4648285,212.9985504,219.2957306,214.2065735,224.9945221,252.078064,275.9165039,,
Tajikistan,TJK,Current health expenditure per capita (current US$),SH.XPD.CHEX.PC.CD,,,,,,,,,,,,,,,,,,,,,,,,,,,,,,,,,,,,,,,,,5.97125244,7.67240763,8.35373688,11.17181587,14.93279171,17.73142815,20.43570137,29.1230545,42.08819199,39.5818634,42.9864502,49.65073395,57.97858429,68.94046021,74.59780884,64.16710663,56.20223236,58.16766357,59.84311676,,
Turkmenistan,TKM,Current health expenditure per capita (current US$),SH.XPD.CHEX.PC.CD,,,,,,,,,,,,,,,,,,,,,,,,,,,,,,,,,,,,,,,,,76.63774109,123.7940674,132.5186005,208.8675232,319.2583618,345.1427307,374.1831055,281.9347839,255.4766541,194.2538147,221.7984467,276.6504211,318.8036194,376.2167969,437.7458191,405.1260986,423.0598755,456.7355347,460.1751404,,
Latin America & the Caribbean (IDA & IBRD countries),TLA,Current health expenditure per capita (current US$),SH.XPD.CHEX.PC.CD,,,,,,,,,,,,,,,,,,,,,,,,,,,,,,,,,,,,,,,,,286.9279164,280.7362955,238.2794386,246.772413,281.1524665,336.6077339,400.498424,475.6511237,546.0256717,548.5216684,654.9962902,730.214939,734.9547304,756.7680945,758.1245216,672.2555499,631.4509399,721.1363644,660.0552019,,
Timor-Leste,TLS,Current health expenditure per capita (current US$),SH.XPD.CHEX.PC.CD,,,,,,,,,,,,,,,,,,,,,,,,,,,,,,,,,,,,,,,,,,,,14.7028265,19.33460426,24.51493263,26.80820465,29.59138489,42.76674271,49.46465683,52.1896553,64.26586914,71.61464691,103.2798233,93.70611572,102.2269592,93.38000488,86.74797058,93.69417572,,
Middle East & North Africa (IDA & IBRD countries),TMN,Current health expenditure per capita (current US$),SH.XPD.CHEX.PC.CD,,,,,,,,,,,,,,,,,,,,,,,,,,,,,,,,,,,,,,,,,80.08070361,85.05642538,86.27958084,83.67914524,96.33821456,108.0104084,121.1801175,148.0531911,180.5902828,204.8968643,225.5398673,255.5886517,266.1036318,255.0808393,253.9028729,240.9120858,262.168312,264.5826938,273.5545509,,
Tonga,TON,Current health expenditure per capita (current US$),SH.XPD.CHEX.PC.CD,,,,,,,,,,,,,,,,,,,,,,,,,,,,,,,,,,,,,,,,,58.27169418,59.96763992,68.0438385,74.03245544,110.7025452,116.7634201,159.3008728,144.0092773,202.7685394,126.3530808,177.9689484,169.755249,226.4968567,183.2253418,226.1274567,187.3837738,215.3939514,232.7596436,236.9345398,,
South Asia (IDA & IBRD),TSA,Current health expenditure per capita (current US$),SH.XPD.CHEX.PC.CD,,,,,,,,,,,,,,,,,,,,,,,,,,,,,,,,,,,,,,,,,17.49122579,18.26152407,18.83124947,20.19021948,22.91645673,25.53949965,27.75485878,33.29763854,35.11483715,35.6080152,41.42784203,44.72550606,44.97081417,51.35324914,53.05863414,55.10007501,56.93219579,64.29320813,67.15566931,,
Sub-Saharan Africa (IDA & IBRD countries),TSS,Current health expenditure per capita (current US$),SH.XPD.CHEX.PC.CD,,,,,,,,,,,,,,,,,,,,,,,,,,,,,,,,,,,,,,,,,32.26198815,30.14904796,28.71284342,41.3647729,50.05890184,56.20079456,62.53868479,69.24581301,74.29728301,73.53496747,83.68275005,91.81825356,91.4753786,93.25529372,92.85274815,86.6143978,79.74135455,84.19291539,83.24903523,,
Trinidad and Tobago,TTO,Current health expenditure per capita (current US$),SH.XPD.CHEX.PC.CD,,,,,,,,,,,,,,,,,,,,,,,,,,,,,,,,,,,,,,,,,277.2157898,284.2960205,338.2855225,374.0027161,449.8487244,553.0686035,593.2364502,696.387085,784.5031738,810.796814,861.5105591,911.3829956,934.3426514,1013.182312,1054.445801,1107.185547,1106.508545,1128.593628,1123.423706,,
Tunisia,TUN,Current health expenditure per capita (current US$),SH.XPD.CHEX.PC.CD,,,,,,,,,,,,,,,,,,,,,,,,,,,,,,,,,,,,,,,,,111.6608505,114.8865891,125.9122696,150.8267059,169.6773682,172.3444367,181.3711853,205.0095825,233.339035,234.1063538,243.7140198,274.3075256,274.3434143,289.5417786,293.097168,270.469696,258.7551575,252.7248688,251.5467224,,
Turkey,TUR,Current health expenditure per capita (current US$),SH.XPD.CHEX.PC.CD,,,,,,,,,,,,,,,,,,,,,,,,,,,,,,,,,,,,,,,,,199.4993744,153.6227417,186.6913757,238.6871796,299.5606384,364.9080505,416.9285278,512.8482666,570.8589478,500.1930542,539.3271484,531.4185791,524.2503052,551.4012451,525.8447266,453.1164856,466.7947998,442.6176148,389.8655701,,
Tuvalu,TUV,Current health expenditure per capita (current US$),SH.XPD.CHEX.PC.CD,,,,,,,,,,,,,,,,,,,,,,,,,,,,,,,,,,,,,,,,,359.1017761,272.0803833,218.1291962,287.8776856,228.3738098,242.8870392,298.6590271,295.2988586,314.4863281,375.9710693,500.0559692,567.4742432,532.0466309,628.6420288,567.9641113,531.2664795,547.8984375,633.361084,692.5211182,,
Tanzania,TZA,Current health expenditure per capita (current US$),SH.XPD.CHEX.PC.CD,,,,,,,,,,,,,,,,,,,,,,,,,,,,,,,,,,,,,,,,,12.6108675,15.53204632,17.41364098,20.81579018,23.90641594,28.24069595,36.27006531,36.90998459,36.88764572,34.07072067,37.53247833,38.04220581,42.28381729,43.77843857,40.15260315,33.58756638,37.18800735,35.4696846,36.82281494,,
Uganda,UGA,Current health expenditure per capita (current US$),SH.XPD.CHEX.PC.CD,,,,,,,,,,,,,,,,,,,,,,,,,,,,,,,,,,,,,,,,,19.10987282,20.65848732,22.57953644,22.38943672,31.77279472,39.42023468,44.78743744,53.47136688,59.04119873,57.60364151,65.54209137,56.27164841,55.96831131,52.21765137,52.90937424,43.72704315,42.19992828,41.95800781,43.13787842,,
Ukraine,UKR,Current health expenditure per capita (current US$),SH.XPD.CHEX.PC.CD,,,,,,,,,,,,,,,,,,,,,,,,,,,,,,,,,,,,,,,,,35.13175964,44.7864418,52.87649155,68.91546631,84.58253479,116.3311691,148.3751068,185.9115601,215.7867737,168.286438,202.3408661,243.7808228,275.2192688,280.9766846,212.7696991,157.5774841,157.5377045,187.3952179,228.3900757,,
Upper middle income,UMC,Current health expenditure per capita (current US$),SH.XPD.CHEX.PC.CD,,,,,,,,,,,,,,,,,,,,,,,,,,,,,,,,,,,,,,,,,109.0505736,108.8209895,106.8204954,119.1327449,139.2830629,165.3770889,192.4882211,233.3244557,284.3995823,293.0987287,339.3789517,398.1101226,429.1114943,465.93681,481.9320296,457.8345425,449.2740006,504.8806166,532.1539772,,
Uruguay,URY,Current health expenditure per capita (current US$),SH.XPD.CHEX.PC.CD,,,,,,,,,,,,,,,,,,,,,,,,,,,,,,,,,,,,,,,,,687.930542,668.9579468,430.2504273,378.6530762,371.6006165,440.4519959,495.2510376,571.9918823,802.4571533,816.2948608,1030.621704,1229.377808,1329.657959,1497.068848,1476.200806,1406.522339,1450.144897,1648.874634,1590.048218,,
United States,USA,Current health expenditure per capita (current US$),SH.XPD.CHEX.PC.CD,,,,,,,,,,,,,,,,,,,,,,,,,,,,,,,,,,,,,,,,,4564.455078,4914.94043,5332.493164,5741.299316,6103.584473,6454.683105,6821.107422,7172.166016,7410.700684,7681.247559,7930.151367,8130.756348,8399.239258,8599.527344,9023.611328,9491.09082,9877.871094,10209.63086,10623.84961,,
Uzbekistan,UZB,Current health expenditure per capita (current US$),SH.XPD.CHEX.PC.CD,,,,,,,,,,,,,,,,,,,,,,,,,,,,,,,,,,,,,,,,,35.50957489,30.33938026,24.39394188,25.49855804,27.88423538,32.32670975,37.71009445,46.53120804,60.81357193,71.42124939,85.18738556,100.0902252,117.570755,130.4245758,117.6513062,131.8330231,129.1727753,93.00417328,82.26926422,,
St. Vincent and the Grenadines,VCT,Current health expenditure per capita (current US$),SH.XPD.CHEX.PC.CD,,,,,,,,,,,,,,,,,,,,,,,,,,,,,,,,,,,,,,,,,157.9358673,171.3984528,184.0023041,186.0557404,195.942688,204.6110687,216.4269257,251.1140137,262.3676758,270.0433044,286.35495,278.7896423,299.6088257,303.3605957,291.0646973,282.7134399,294.1644287,310.6420288,329.2566528,,
"Venezuela, RB",VEN,Current health expenditure per capita (current US$),SH.XPD.CHEX.PC.CD,,,,,,,,,,,,,,,,,,,,,,,,,,,,,,,,,,,,,,,,,355.1456299,391.5083923,285.632019,245.4079285,293.3448486,333.3395081,553.4087524,658.0493774,731.8700562,886.7772217,945.8930054,786.2913208,837.3699951,697.5296631,698.8744507,663.767334,505.4061279,524.9134522,256.9468994,,
British Virgin Islands,VGB,Current health expenditure per capita (current US$),SH.XPD.CHEX.PC.CD,,,,,,,,,,,,,,,,,,,,,,,,,,,,,,,,,,,,,,,,,,,,,,,,,,,,,,,,,,,,,
Virgin Islands (U.S.),VIR,Current health expenditure per capita (current US$),SH.XPD.CHEX.PC.CD,,,,,,,,,,,,,,,,,,,,,,,,,,,,,,,,,,,,,,,,,,,,,,,,,,,,,,,,,,,,,
Vietnam,VNM,Current health expenditure per capita (current US$),SH.XPD.CHEX.PC.CD,,,,,,,,,,,,,,,,,,,,,,,,,,,,,,,,,,,,,,,,,18.91674423,23.18782616,19.65594101,22.37121964,28.7441864,35.03743744,42.29331589,49.50850296,59.16986084,64.43672943,78.63555908,89.58512878,108.9399719,119.5219269,117.4146042,117.8628922,124.0594101,140.165329,151.6861115,,
Vanuatu,VUT,Current health expenditure per capita (current US$),SH.XPD.CHEX.PC.CD,,,,,,,,,,,,,,,,,,,,,,,,,,,,,,,,,,,,,,,,,48.71302414,46.25571823,52.87108231,55.42980957,63.296772,62.3782196,68.08332062,73.1243515,82.50093842,83.70121002,100.1354828,114.2026596,117.9651566,129.7849121,106.726944,116.4973297,82.24130249,85.10228729,105.3915863,,
World,WLD,Current health expenditure per capita (current US$),SH.XPD.CHEX.PC.CD,,,,,,,,,,,,,,,,,,,,,,,,,,,,,,,,,,,,,,,,,479.8304679,492.9915495,523.2886762,587.4964814,646.8937225,685.9089234,727.9232291,797.3423988,864.3133411,875.7328943,914.2084296,988.7568637,999.0329754,1015.774517,1039.914961,999.1036362,1020.867542,1064.92368,1111.082167,,
Samoa,WSM,Current health expenditure per capita (current US$),SH.XPD.CHEX.PC.CD,,,,,,,,,,,,,,,,,,,,,,,,,,,,,,,,,,,,,,,,,63.03668213,58.87117767,76.19980621,85.76576996,109.0597458,126.3174896,138.65979,153.5153656,163.0090332,179.211441,192.7742767,220.3911896,205.153244,257.5019836,259.2744141,223.1809692,227.0677948,235.407074,227.3279266,,
Kosovo,XKX,Current health expenditure per capita (current US$),SH.XPD.CHEX.PC.CD,,,,,,,,,,,,,,,,,,,,,,,,,,,,,,,,,,,,,,,,,,,,,,,,,,,,,,,,,,,,,
"Yemen, Rep.",YEM,Current health expenditure per capita (current US$),SH.XPD.CHEX.PC.CD,,,,,,,,,,,,,,,,,,,,,,,,,,,,,,,,,,,,,,,,,25.82774544,27.19543648,28.01715851,35.71838379,39.15239334,43.37588501,51.00078583,59.23065186,70.82818604,66.81106567,68.86593628,65.56300354,75.14369965,79.7281189,81.05194855,73.17674255,,,,,
South Africa,ZAF,Current health expenditure per capita (current US$),SH.XPD.CHEX.PC.CD,,,,,,,,,,,,,,,,,,,,,,,,,,,,,,,,,,,,,,,,,225.5343323,198.6817932,172.2277222,259.3633728,329.2386475,361.0133362,369.005249,392.0307007,377.0874329,417.1151123,543.4412842,600.3432617,581.5652466,527.2868042,509.7901001,469.9882507,426.8319702,497.0470581,525.9569092,,
Zambia,ZMB,Current health expenditure per capita (current US$),SH.XPD.CHEX.PC.CD,,,,,,,,,,,,,,,,,,,,,,,,,,,,,,,,,,,,,,,,,24.72463989,25.0923233,25.96962738,31.30976868,37.97074127,48.21477509,61.57552338,48.94664383,55.93905258,51.35781097,55.3928299,57.88014603,69.29530334,88.12820435,67.49678802,59.33764267,57.36268997,67.50799561,75.99179077,,
Zimbabwe,ZWE,Current health expenditure per capita (current US$),SH.XPD.CHEX.PC.CD,,,,,,,,,,,,,,,,,,,,,,,,,,,,,,,,,,,,,,,,,,,,,,,,,,,99.34855652,88.38669586,90.28307343,101.6749344,116.7105331,107.6870041,113.4088593,112.7419357,140.3203125,,
