0,0,0,0,0,0,0,0,0,0,0,0,0,0,0,0,0,0,0,0,0,0,0,0,0,0,0,0,0,0,0,0,0,0,0,0,0,0,0,0,0,0,0,0,0,0,0,0,0,0,0,0,0,0,0,0,0,0,0,0,0,0,0,0,0,0,0,0,0,0,0,0,0,0,0,0,0,0,0,0,0,0,0,0,0,0,0,0,0,0,0,0,0,0,0,0,0,0,0,0,0,0,0,0,0,0,0,0,0,0,0,0,0,0,0,0,0,0,0,0,0,0,0,0,0,0,0,0,0,0,0,0,0,0,0,0,0,0,0,0,0,0,0,0,0,0,0,0,0,0,0,0,0,0,0,0,0,0,0,0,0,0,0,0,0,0,0,0,0,0,0,0,0,0,0,0,0,0,0,0,0,0,0,0,0,0,0,0,0,0,0,0,0,0,0,0,0,0,0,0,0,0,0,0,0,0,0,0,0,0,0,0,0,0,0,0,0,0,0,0,0,0,0,0,0,0,0,0,0,0,0,0,0,0,0,0,0,0,0,0,0,0,0,0,0,0,0,0,0,0,0,0,0,0,0,0,0,0,0,0,0,0,0,0,0,0
0,0,0,0,0,0,0,0,0,0,0,0,0,0,0,0,0,0,0,0,0,0,0,0,0,0,0,0,0,0,0,0,0,0,0,0,0,0,0,0,0,0,0,0,0,0,0,0,0,0,0,0,0,0,0,0,0,0,0,0,0,0,0,0,0,0,0,0,0,0,0,0,0,0,0,0,0,0,0,0,0,0,0,0,0,0,0,0,0,0,0,0,0,0,0,0,0,0,0,0,0,0,0,0,0,0,0,0,0,0,0,0,0,0,0,0,0,0,0,0,0,0,0,0,0,0,0,0,0,0,0,0,0,0,0,0,0,0,0,0,0,0,0,0,0,0,0,0,0,0,0,0,0,0,0,0,0,0,0,0,0,0,0,0,0,0,0,0,0,0,0,0,0,0,0,0,0,0,0,0,0,0,0,0,0,0,0,0,0,0,0,0,0,0,0,0,0,0,0,0,0,0,0,0,0,0,0,0,0,0,0,0,0,0,0,0,0,0,0,0,0,0,0,0,0,0,0,0,0,0,0,0,0,0,0,0,0,0,0,0,0,0,0,0,0,0,0,0,0,0,0,0,0,0,0,0,0,0,0,0,0,0,0,0,0,0
0,0,0,0,0,0,0,0,0,0,0,0,0,0,0,0,0,0,0,0,0,0,0,0,0,0,0,0,0,0,0,0,0,0,0,0,0,0,0,0,0,0,0,0,0,0,0,0,0,0,0,0,0,0,0,0,0,0,0,0,0,0,0,0,0,0,0,0,0,0,0,0,0,0,0,0,0,0,0,0,0,0,0,0,0,0,0,0,0,0,0,0,0,0,0,0,0,0,0,0,0,0,0,0,0,0,0,0,0,0,0,0,0,0,0,0,0,0,0,0,0,0,0,0,0,0,0,0,0,0,0,0,0,0,0,0,0,0,0,0,0,0,0,0,0,0,0,0,0,0,0,0,0,0,0,0,0,0,0,0,0,0,0,0,0,0,0,0,0,0,0,0,0,0,0,0,0,0,0,0,0,0,0,0,0,0,0,0,0,0,0,0,0,0,0,0,0,0,0,0,0,0,0,0,0,0,0,0,0,0,0,0,0,0,0,0,0,0,0,0,0,0,0,0,0,0,0,0,0,0,0,0,0,0,0,0,0,0,0,0,0,0,0,0,0,0,0,0,0,0,0,0,0,0,0,0,0,0,0,0,0,0,0,0,0,0
0,0,0,0,0,0,0,0,0,0,0,0,0,0,0,0,0,0,0,0,0,0,0,0,0,0,0,0,0,0,0,0,0,0,0,0,0,0,0,0,0,0,0,0,0,0,0,0,0,0,0,0,0,0,0,0,0,0,0,0,0,0,0,0,0,0,0,0,0,0,0,0,0,0,0,0,0,0,0,0,0,0,0,0,0,0,0,0,0,0,0,0,0,0,0,0,0,0,0,0,0,0,0,0,0,0,0,0,0,0,0,0,0,0,0,0,0,0,0,0,0,0,0,0,0,0,0,0,0,0,0,0,0,0,0,0,0,0,0,0,0,0,0,0,0,0,0,0,0,0,0,0,0,0,0,0,0,0,0,0,0,0,0,0,0,0,0,0,0,0,0,0,0,0,0,0,0,0,0,0,0,0,0,0,0,0,0,0,0,0,0,0,0,0,0,0,0,0,0,0,0,0,0,0,0,0,0,0,0,0,0,0,0,0,0,0,0,0,0,0,0,0,0,0,0,0,0,0,0,0,0,0,0,0,0,0,0,0,0,0,0,0,0,0,0,0,0,0,0,0,0,0,0,0,0,0,0,0,0,0,0,0,0,0,0,0
0,0,0,0,0,0,0,0,0,0,0,0,0,0,0,0,0,0,0,0,0,0,0,0,0,0,0,0,0,0,0,0,0,0,0,0,0,0,0,0,0,0,0,0,0,0,0,0,0,0,0,0,0,0,0,0,0,0,0,0,0,0,0,0,0,0,0,0,0,0,0,0,0,0,0,0,0,0,0,0,0,0,0,0,0,0,0,0,0,0,0,0,0,0,0,0,0,0,0,0,0,0,0,0,0,0,0,0,0,0,0,0,0,0,0,0,0,0,0,0,0,0,0,0,0,0,0,0,0,0,0,0,0,0,0,0,0,0,0,0,0,0,0,0,0,0,0,0,0,0,0,0,0,0,0,0,0,0,0,0,0,0,0,0,0,0,0,0,0,0,0,0,0,0,0,0,0,0,0,0,0,0,0,0,0,0,0,0,0,0,0,0,0,0,0,0,0,0,0,0,0,0,0,0,0,0,0,0,0,0,0,0,0,0,0,0,0,0,0,0,0,0,0,0,0,0,0,0,0,0,0,0,0,0,0,0,0,0,0,0,0,0,0,0,0,0,0,0,0,0,0,0,0,0,0,0,0,0,0,0,0,0,0,0,0,0
0,0,0,0,0,0,0,0,0,0,0,0,0,0,0,0,0,0,0,0,0,0,0,0,0,0,0,0,0,0,0,0,0,0,0,0,0,0,0,0,0,0,0,0,0,0,0,0,0,0,0,0,0,0,0,0,0,0,0,0,0,0,0,0,0,0,0,0,0,0,0,0,0,0,0,0,0,0,0,0,0,0,0,0,0,0,0,0,0,0,0,0,0,0,0,0,0,0,0,0,0,0,0,0,0,0,0,0,0,0,0,0,0,0,0,0,0,0,0,0,0,0,0,0,0,0,0,0,0,0,0,0,0,0,0,0,0,0,0,0,0,0,0,0,0,0,0,0,0,0,0,0,0,0,0,0,0,0,0,0,0,0,0,0,0,0,0,0,0,0,0,0,0,0,0,0,0,0,0,0,0,0,0,0,0,0,0,0,0,0,0,0,0,0,0,0,0,0,0,0,0,0,0,0,0,0,0,0,0,0,0,0,0,0,0,0,0,0,0,0,0,0,0,0,0,0,0,0,0,0,0,0,0,0,0,0,0,0,0,0,0,0,0,0,0,0,0,0,0,0,0,0,0,0,0,0,0,0,0,0,0,0,0,0,0,0
0,0,0,0,0,0,0,0,0,0,0,0,0,0,0,0,0,0,0,0,0,0,0,0,0,0,0,0,0,0,0,0,0,0,0,0,0,0,0,0,0,0,0,0,0,0,0,0,0,0,0,0,0,0,0,0,0,0,0,0,0,0,0,0,0,0,0,0,0,0,0,0,0,0,0,0,0,0,0,0,0,0,0,0,0,0,0,0,0,0,0,0,0,0,0,0,0,0,0,0,0,0,0,0,0,0,0,0,0,0,0,0,0,0,0,0,0,0,0,0,0,0,0,0,0,0,0,0,0,0,0,0,0,0,0,0,0,0,0,0,0,0,0,0,0,0,0,0,0,0,0,0,0,0,0,0,0,0,0,0,0,0,0,0,0,0,0,0,0,0,0,0,0,0,0,0,0,0,0,0,0,0,0,0,0,0,0,0,0,0,0,0,0,0,0,0,0,0,0,0,0,0,0,0,0,0,0,0,0,0,0,0,0,0,0,0,0,0,0,0,0,0,0,0,0,0,0,0,0,0,0,0,0,0,0,0,0,0,0,0,0,0,0,0,0,0,0,0,0,0,0,0,0,0,0,0,0,0,0,0,0,0,0,0,0,0
0,0,0,0,0,0,0,0,0,0,0,0,0,0,0,0,0,0,0,0,0,0,0,0,0,0,0,0,0,0,0,0,0,0,0,0,0,0,0,0,0,0,0,0,0,0,0,0,0,0,0,0,0,0,0,0,0,0,0,0,0,0,0,0,0,0,0,0,0,0,0,0,0,0,0,0,0,0,0,0,0,0,0,0,0,0,0,0,0,0,0,0,0,0,0,0,0,0,0,0,0,0,0,0,0,0,0,0,0,0,0,0,0,0,0,0,0,0,0,0,0,0,0,0,0,0,0,0,0,0,0,0,0,0,0,0,0,0,0,0,0,0,0,0,0,0,0,0,0,0,0,0,0,0,0,0,0,0,0,0,0,0,0,0,0,0,0,0,0,0,0,0,0,0,0,0,0,0,0,0,0,0,0,0,0,0,0,0,0,0,0,0,0,0,0,0,0,0,0,0,0,0,0,0,0,0,0,0,0,0,0,0,0,0,0,0,0,0,0,0,0,0,0,0,0,0,0,0,0,0,0,0,0,0,0,0,0,0,0,0,0,0,0,0,0,0,0,0,0,0,0,0,0,0,0,0,0,0,0,0,0,0,0,0,0,0
0,0,0,0,0,0,0,0,0,0,0,0,0,0,0,0,0,0,0,0,0,0,0,0,0,0,0,0,0,0,0,0,0,0,0,0,0,0,0,0,0,0,0,0,0,0,0,0,0,0,0,0,0,0,0,0,0,0,0,0,0,0,0,0,0,0,0,0,0,0,0,0,0,0,0,0,0,0,0,0,0,0,0,0,0,0,0,0,0,0,0,0,0,0,0,0,0,0,0,0,0,0,0,0,0,0,0,0,0,0,0,0,0,0,0,0,0,0,0,0,0,0,0,0,0,0,0,0,0,0,0,0,0,0,0,0,0,0,0,0,0,0,0,0,0,0,0,0,0,0,0,0,0,0,0,0,0,0,0,0,0,0,0,0,0,0,0,0,0,0,0,0,0,0,0,0,0,0,0,0,0,0,0,0,0,0,0,0,0,0,0,0,0,0,0,0,0,0,0,0,0,0,0,0,0,0,0,0,0,0,0,0,0,0,0,0,0,0,0,0,0,0,0,0,0,0,0,0,0,0,0,0,0,0,0,0,0,0,0,0,0,0,0,0,0,0,0,0,0,0,0,0,0,0,0,0,0,0,0,0,0,0,0,0,0,0
0,0,0,0,0,0,0,0,0,1.458089948,0,0,0,0,4.147160053,0,0,0,0,0,0,0,0,0,0,0,0,0,0,0,0,6.239150047,0,0,0,0,0,0,0,0,0,5.865389824,0,0,5.732299805,0,0,0,0,0,0,0,0,0,0,0,0,0,5.955530167,2.640789986,0,0,0,0,0,0,2.002830029,0,0,0,1.833009958,0,0,0,0,5.413489819,0,3.429739952,0,0,0,0,0,0,0,0,0,0,0,1.546499968,0,0,1.858719945,0,4.328979969,0,0,0,0,0,0,0,0,0,0,0,0,0,0,0,0,0,0,0,0,0,3.366810083,0,3.63003993,0,0,0,0,0,4.793129921,0,3.414040089,0,0,0,0,0,0,0,0,0,0,0,0,0,0,0,0,0,2.221940041,0,0,0,0,0,0,0,0,0,0,0,0,0,0,0,0,0,0,0,0,0,0,0,0,0,0,0,0,0,0,2.038589954,6.221149921,0,0,0,0,0,0,0,0,4.043280125,0,0,0,0,0,0,0,0,0,2.105190039,0,0,0,0,0,0,0,0,0,0,0,0,0,0,0,0,0,0,0,0,0,0,0,0,0,0,0,0,0,0,4.1884799,0,0,0,0,0,2.113800049,0,0,0,0,0,0,0,0,0,0,0,0,0,0,0,4.572929859,0,0,0,0,0,4.16286993,10.57367039,0,0,0,0,0,0,0,0,4.38781023,0
0,0,1.160359979,0,0,0,0,0,0,0,0,0,0,0,4.282350063,0,0,0,0,0,0,0,0,0,0,0,0,0,0,0,0,4.995019913,0,4.387239933,0,7.710189819,0,0,0,0,1.388739944,0,3.079869986,0,5.55095005,0,0,0,0,0,0,0,0,0,0,0,0,0,6.393559933,0,0,0,0,0,0,0,1.879400015,4.529920101,3.728280067,0,1.889279962,0,0,0,0,5.33137989,0,3.174210072,0,0,0,5.032050133,0,4.224440098,0,0,0,0,0,1.302459955,0,0,2.025540113,0,0,0,2.368149996,0,0,0,0,0,0,0,0,3.504845023,0,0,0,0,0,4.48570013,2.770339966,0,0,0,2.898770094,0,3.297689915,3.656300068,0,3.929820061,0,0,4.266429901,0,3.739180088,3.287339926,0,0,0,0,0,0,0,0,0,0,0,0,0,4.641550064,0,0,2.757839918,0,0,0,0,0,0,0,0,0,0,0,0,0,0,6.15196991,0,0,0,0,0,0,0,0,4.404789925,4.550940037,7.710189819,0,0,1.052270055,0,2.492029905,6.328199863,0,0,0,0,0,0,4.641550064,1.654219985,3.353919983,0,0,0,0,0,0,7.250520229,0,0,2.265439987,0,0,0,0,3.000279903,0,0,0,0,0,0,0,3.109760046,3.400000095,0,0,0,0,0,0,0,0,0,0,0,0,0,0,0,0,4.066390038,0,0,0,0,0,0,3.066220045,0,0,0,0,0,0,0,0,0,0,0,0,0,3.161050081,0,0,0,0,0,0,4.179920197,8.935359955,0,0,0,0,0,0,0,0,6.095349789,0
0,0,1.11717999,0,0,0,0,0,0,1.936200023,0,0,0,0,4.450150013,0,0,0,0,0,0,0,0,0,0,0,0,0,0,0,0,4.039289951,0,3.906389952,0,7.615409851,0,0,0,0,1.604760051,7.531859875,3.363889933,0,0,0,0,0,0,0,0,0,0,0,0,0,0,0,6.481309891,0,0,0,0,0,0,0,0,4.537899971,0,0,2.064650059,0,0,0,0,5.008190155,0,3.359179974,0,0,0,5.159379959,0,4.621399879,0,0,0,0,0,0,0,0,0,0,0,0,2.295609951,0,0,0,0,0,0,0,0,3.920114875,2.788209915,0,0,0,0,4.616179943,2.766720057,0,0,0,0,0,2.387429953,4.011310101,0,4.476339817,0,0,0,0,3.220750093,2.815749884,0,0,0,0,0,0,0,0,0,0,0,0,0,4.526509762,0,0,2.647480011,0,0,0,0,0,0,3.217370033,0,0,0,0,0,0,0,5.549990177,2.865099907,0,0,0,0,0,0,0,3.383399963,0,7.615409851,0,0,0,0,0,6.318490028,5.904059887,0,0,0,0,0,4.526509762,1.56882,3.982820034,0,0,0,5.247159958,0,0,7.214580059,0,0,0,0,0,0,0,2.691440105,0,0,0,0,0,0,0,2.86826992,0,0,0,0,1.184689999,0,0,0,0,0,0,0,0,0,0,0,0,4.246940136,3.58355999,0,0,0,0,0,3.029150009,0,0,0,0,0,0,0,0,0,0,0,0,0,0,0,0,0,0,0,0,4.83728981,0,0,0,0,0,0,0,0,0,5.945789814,0
0,0,1.427880049,0,0,0,0,0,0,1.780519962,0,0,0,0,4.515470028,0,0,0,0,0,0,0,0,0,0,0,0,4.107900143,0,0,0,8.793290138,0,3.262789965,0,7.037499905,0,0,0,0,1.650820017,7.045609951,0,0,5.23845005,0,0,0,0,3.631439924,0,0,0,0,0,0,0,0,6.266109943,0,0,0,0,0,0,0,0,0,0,0,0,0,0,0,0,5.093379974,0,3.23003006,0,0,0,5.448609829,0,0,0,0,0,0,0,1.112619996,0,0,0,0,0,0,2.183370113,0,0,0,0,0,0,0,0,0,0,0,0,0,0,4.607840061,2.876679897,0,0,0,0,3.631439924,2.486939907,4.042970181,0,4.650519848,0,0,0,0,2.680219889,3.303689957,0,0,0,0,0,0,0,0,0,0,3.316400051,0,0,4.866559982,0,0,2.716589928,0,0,0,4.671689987,0,0,2.711149931,0,0,0,0,0,0,0,5.26970005,3.27380991,0,0,0,0,0,0,0,3.33149004,0,7.037499905,0,0,0,0,0,5.842949867,5.891719818,0,0,4.753230095,0,0,4.866559982,1.830420017,3.48574996,3.391720057,0,0,0,0,0,6.479929924,0,1.633919954,0,0,0,0,0,2.867830038,0,0,0,1.830420017,0,0,0,2.488820076,0,0,0,0,1.277279973,0,0,0,0,4.248999953,0,0,0,0,0,0,0,0,3.689909935,0,0,0,0,0,2.554250002,0,0,0,0,0,0,1.830420017,0,0,0,0,0,0,3.350229979,0,0,0,0,0,0,0,7.240230083,0,0,0,0,0,0,0,0,5.488070011,0
0,0,0,0,0,0,0,0,0,1.923519969,0,0,0,0,4.655940056,0,0,0,0,0,0,0,0,0,0,0,0,0,0,0,0,3.39270997,0,3.674240112,0,6.689630032,0,0,0,3.751209974,1.761150002,5.69039011,0,0,0,0,0,0,0,4.248970032,0,0,0,0,0,0,0,0,6.581510067,0,0,0,0,0,0,0,0,5.226669788,4.242040157,0,1.459560037,0,0,0,0,4.482309818,0,4.242040157,0,0,0,5.390999794,0,3.802710056,0,0,0,0,0,1.336089969,0,0,0,0,0,0,2.360290051,0,0,0,0,0,0,0,0,0,0,0,0,0,0,4.68528986,2.690340042,0,0,0,3.83513999,4.248970032,3.557689905,4.040030003,0,5.065509796,0,0,3.135109901,0,0,3.521600008,0,0,0,0,0,0,0,0,0,0,0,0,0,4.234240055,0,0,0,0,0,0,4.275489807,0,0,2.673759937,0,0,0,0,0,0,0,4.493100166,0,0,0,0,0,0,0,0,3.087090015,0,6.689630032,0,0,0,3.210170031,0,6.335889816,5.673659801,0,0,4.746799946,0,0,4.234240055,1.880650043,3.8197999,0,0,0,0,0,0,7.286900043,0,1.935359955,0,0,0,0,0,0,0,0,0,0,0,0,0,2.388520002,0,0,0,0,0,0,0,0,0,4.241605043,0,0,0,0,0,0,0,4.283329964,0,0,0,0,0,0,2.146869898,0,0,0,0,0,0,0,0,0,0,0,0,0,3.390919924,0,0,0,0,0,0,3.9479599,0,0,0,0,0,0,0,0,0,4.878009796,0
0,0,1.30332005,0,0,0,0,0,0,1.843600035,0,0,0,0,5.127960205,0,0,5.762819767,0,0,0,0,0,0,0,0,0,3.434420109,0,0,0,1.961339951,0,5.649429798,0,6.442949772,0,0,0,3.5947299,1.708500028,6.785739899,0,0,7.743020058,0,0,0,0,5.228789806,0,0,0,4.335020065,0,0,0,0,6.713129997,0,0,0,0,0,0,0,0,4.892429829,4.730890036,0,0,0,0,0,0,5.033239841,0,4.42854023,0,0,0,6.268780231,0,4.876540184,0,0,0,0,0,1.46085,0,0,0,0,0,0,2.449199915,0,0,0,0,0,0,0,0,4.334905028,0,0,0,0,0,0,2.965569973,0,0,0,3.711610079,5.228789806,3.763479948,4.668990135,0,5.60612011,0,0,0,0,2.089250088,2.135540009,0,0,0,0,0,0,0,0,0,0,2.74454999,0,0,0,0,0,3.306469917,0,0,0,5.212709904,0,0,2.516680002,0,0,0,0,0,0,0,4.422210217,1.987390041,0,0,0,0,0,0,0,2.703789949,0,6.442949772,0,0,0,3.063689947,0,6.371660233,5.550220013,0,0,5.16753006,0,0,0,1.980080009,4.154510021,0,0,0,0,0,0,6.229740143,0,3.062459946,0,0,0,5.033239841,0,0,0,0,0,1.980080009,0,0,0,2.43949008,0,0,0.904510021,0,0,0,0,0,0,0,0,0,0,0,0,0,0,4.345019817,3.934509993,0,0,0,0,0,2.380880117,0,0,0,0,0,0,1.980080009,0,0,0,0,0,0,3.221029997,0,0,0,0,0,0,5.19851017,0,0,0,0,0,0,0,0,0,6.238540173,0
0,0,0,0,0,0,0,0,0,1.165639997,0,0,0,0,5.237659931,0,0,5.731040001,0,0,0,0,0,0,0,0,0,0,0,0,5.9447999,1.970080018,0,6.063960075,0,6.720990181,0,0,0,0,1.816570044,6.462120056,0,0,0,0,0,0,0,5.858329773,0,0,0,3.819700003,0,0,0,0,0,0,0,0,0,0,0,0,0,4.943429947,4.360265017,0,1.899389982,0,0,0,0,5.228330135,0,4.424709797,0,0,0,6.424220085,0,5.828829765,0,0,0,0,0,1.448250055,0,0,1.62729001,0,0,0,2.4333601,0,0,0,0,0,0,0,0,0,0,0,0,0,0,4.295820236,0,0,0,0,3.919519901,5.858329773,3.533930063,4.850820065,0,5.744100094,0,0,0,0,2.754570007,3.115080118,0,0,0,0,0,0,0,0,0,0,0,0,0,0,0,0,3.491549969,0,0,0,6.027120113,0,0,3.25500989,0,0,0,0,0,0,0,3.831890106,1.726189971,0,0,0,0,0,0,0,2.422310114,0,6.720990181,0,0,0,0,0,6.312290192,6.163599968,0,0,5.454740047,0,0,0,2.237940073,4.312729836,0,0,0,0,0,0,7.140490055,0,3.078730106,0,0,0,4.850820065,0,1.746970057,0,0,0,0,0,0,0,2.692389965,0,0,0,0,0,0,0,0,0,0,0,0,0,0,0,3.714349985,0,4.745960236,5.831459999,0,0,0,0,0,3.016720057,0,0,0,0,0,0,0,0,0,0,0,0,0,2.676589966,0,0,0,0,0,0,0,0,0,0,0,0,0,0,0,0,6.026939869,0
0,0,0,0,0,0,0,0,0,1.71984005,0,0,0,0,4.95401001,0,0,5.98883009,0,0,0,0,0,0,0,0,0,0,0,0,6.517159939,0,0,5.40031004,0,6.733530045,0,0,0,0,1.749539971,0,0,0,0,0,0,0,0,6.026519775,0,0,0,3.385489941,0,0,0,0,5.672120094,0,0,0,0,0,0,0,2.418839931,4.549580097,0,0,2.077169895,0,0,0,0,0,0,4.435210228,0,0,0,6.063350201,0,6.09528017,0,0,0,0,0,1.493729949,0,0,0,0,7.088729858,0,2.21923995,0,0,0,0,0,0,0,0,0,0,0,0,0,0,5.084519863,5.416259766,3.857049942,0,0,0,6.026519775,3.679899931,4.840270042,0,5.136320114,0,0,0,0,2.426419973,3.368669987,0,0,0,0,0,0,0,0,0,0,0,0,0,0,0,0,3.568030119,0,0,0,6.084249973,0,0,5.053949833,0,4.549580097,0,0,0,0,0,3.897609949,1.637820005,4.982919931,0,0,0,0,0,4.440899849,0,0,6.733530045,0,0,0,0,0,6.182509899,5.972809792,0,0,4.452670097,0,0,0,2.149830103,4.280960083,0,0,0,7.389709949,0,0,6.387569904,0,0,0,0,0,0,0,1.970059991,0,0,2.150209904,0,0,0,0,2.450799942,0,0,0,0,0,0,0,0,0,0,0,0,0,0,0,3.944299936,0,0,5.714419842,0,0,0,0,0,3.215120077,0,0,0,0,4.982919931,0,0,0,0,0,0,0,0,0,0,0,0,0,0,0,5.256659985,0,0,0,0,0,0,0,0,0,5.692510128,0
0,0,0,0,0,0,0,0,0,1.935549974,0,0,0,6.008910179,5.159790039,0,0,5.436339855,0,1.679829955,0,0,0,0,0,0,0,0,0,0,0,2.114239931,0,5.952139854,3.170530081,7.097670078,0,0,0,3.070450068,1.958840013,6.753670216,0,0,8.413310051,0,0,0,0,0,0,0,0,3.312340021,0,0,0,0,5.753469944,0,0,0,0,0,0,0,0,4.941120148,4.345119953,0,2.230730057,0,0,0,0,0,0,4.345119953,0,0,0,0,0,0,0,0,0,0,0,1.685700059,0,0,0,0,0,0,2.322550058,2.019049883,0,0,0,0,0,0,0,0,0,0,0,0,0,5.066810131,0,0,0,0,3.780359983,0,3.681169987,4.894410133,0,0,0,0,0,0,0,4.081850052,0,0,0,0,0,0,0,0,0,0,0,0,0,0,0,0,4.191579819,0,0,0,6.20182991,0,0,0,0,0,0,0,0,0,3.559590101,3.348829985,1.643659949,0,0,0,0,0,0,5.565969944,0,0,7.097670078,0,0,0,0,0,6.184420109,6.444349766,0,0,4.532529831,0,0,0,2.204180002,3.605979919,0,0,0,0,0,0,6.681029797,0,2.900480032,0,0,0,0,0,2.77696991,0,0,2.232470036,0,0,0,0,2.290999889,0,0,0,0,0,0,0,0,0,0,0,0,0,0,0,5.796520233,0,0,5.514259815,0,0,0,0,0,0,0,0,0,0,0,0,0,0,0,0,4.347740173,0,0,0,0,0,0,0,0,0,0,0,0,0,0,0,0,0,0,0,4.740749836,0
0,0,1.73980999,0,0,0,0,0,0,2.400279999,0,0,0,5.896930218,5.038159847,0,2.803359985,5.380350113,0,0,1.130929947,0,0,0,0,0,0,0,0,0,0,1.545519948,0,6.141729832,0,6.714749813,0,0,0,3.4823699,2.14805007,8.231389999,0,0,7.03813982,1.754340053,0,0,0,0,0,0,0,3.353130102,0,0,0,0,5.586490154,0,7.182010174,0,0,0,0,0,0,0,4.796909809,0,2.338049889,0,0,0,0,4.796909809,5.197609901,4.281159878,0,0,0,0,0,2.311350107,0,0,0,0,0,0,0,0,0,0,9.377869606,0,0,2.012989998,0,0,0,0,0,0,0,0,0,0,0,0,0,5.28730011,0,0,0,0,4.163730145,0,5.081729889,5.057449818,0,0,0,0,0,0,3.018830061,3.428560019,0,0,0,0,0,0,0,0,0,0,2.567430019,0,0,0,0,0,4.252860069,0,0,0,6.315480232,0,0,3.97033,0,0,0,0,0,0,0,3.153640032,0,0,0,0,0,0,0,0,0,5.087609768,6.714749813,0,0,0,0,2.822779894,6.090330124,0,0,0,4.46765995,4.796909809,0,0,2.198070049,3.642549992,0,0,0,0,0,0,0,0,2.699300051,0,0,0,0,0,0,0,0,2.441279888,1.96894002,0,0,0,2.249249935,0,0,0,0,0,0,0,0,0,0,0,0,0,0,6.37237978,6.364280224,0,0,4.966169834,0,0,0,0,6.679140091,2.845289946,0,0,0,0,0,0,1.96894002,0,0,0,2.915199995,0,0,0,0,0,1.987130046,0,0,0,0,0,0,0,0,0,0,0,0,0,4.154940128,2.317840099
0,0,1.840929985,0,0,0,0,0,0,2.607150078,0,0,0,5.654079914,5.008969784,0,0,5.310639858,0,1.961799979,0.937600017,3.52947998,0,0,0,0,0,0,0,0,0,1.191079974,0,5.46931982,0,6.484670162,0,4.230460167,0,4.21999979,1.911900043,6.859759808,0,2.267309904,6.359240055,1.729120016,0,0,7.347169876,3.768079996,8.36909008,0,0,3.426009893,0,0,0,0,5.910930157,0,6.597420216,0,0,3.016639948,0,0,0,4.280320168,0,0,0,0,0,0,0,4.825749874,0,4.307690144,0,0,0,5.070119858,0,2.707770109,0,0,0,0,0,0,0,0,0,0,0,4.825749874,2.192140102,1.936360002,0,0,0,0,0,0,0,3.966029882,0,0,0,0,0,5.321380138,0,2.423789978,0,0,0,0,0,5.068719864,0,5.387879848,0,0,0,0,3.458739996,2.791019917,0,0,0,0,0,0,0,0,0,0,2.704169989,0,0,0,0,0,4.397019863,0,0,0,5.104859829,0,0,3.357110023,0,0,0,0,0,0,3.470659971,0,0,4.840194941,0,0,0,0,0,0,0,5.72619009,6.484670162,0,0,0,0,3.262409925,5.892799854,5.780149937,0,0,4.232649803,5.069419861,0,0,2.130949974,3.535670042,0,1.717730045,0,0,0,0,0,0,3.067430019,0,0,0,5.038844824,0,0,0,0,2.666330099,1.98593998,0,0,0,2.559669971,0,0,0,0,0,0,0,0,0,0,0,0,0,0,6.53704977,5.297200203,0,0,4.575530052,0,0,0,0,0,2.5745399,0,0,0,0,4.840194941,0,1.98593998,0,3.768079996,5.235159874,0,0,0,0,0,0,2.159509897,0,0,0,4.400720119,0,0,0,0,0,0,0,0,0,4.126709938,2.544179916
0,0,1.909170032,0,0,0,0,0,0,0,0,0,0,0,5.367809772,0,3.346760035,5.435319901,0,0,1.071499944,0,0,0,0,0,0,0,0,0,0,1.616780043,0,0,0,6.43061018,0,4.193389893,0,4.914299965,1.948809981,0,0,2.535049915,0,2.597239971,0,0,0,0,0,0,0,3.791320086,0,0,0,0,0,0,0,0,0,0,0,0,0,0,5.100584984,0,0,0,0,0,0,4.833360195,5.821209908,4.730720043,0,0,0,5.2884202,0,1.808120012,0,0,0,0,0,1.692800045,0,0,0,0,0,0,2.271729946,0,0,0,1.393740058,0,0,0,0,0,0,0,0,0,0,5.73112011,7.131400108,0,0,0,0,0,5.167319775,5.064400196,0,5.923729897,0,0,0,0,2.898629904,2.719140053,0,0,0,0,0,0,0,0,0,0,2.442209959,0,0,0,0,0,4.52835989,0,0,0,5.689260006,0,0,2.879909992,0,0,0,0,0,0,3.447940111,2.865329981,0,0,0,0,0,0,0,5.053979874,0,6.696969986,6.43061018,0,0,0,0,0,5.749370098,5.543640137,0,0,4.44054985,4.914299965,0,0,1.972450018,3.431799889,0,0,0,0,0,0,0,0,3.185750008,0,0,0,4.833360195,0,0,0,0,4.392970085,1.940810025,3.890249968,0,0,2.583659887,0,0,0,0,0,0,0,0,0,0,0,0,0,0,6.781199932,6.58382988,0,0,5.383930206,0,0,0,0,5.882080078,2.883140087,0,0,0,0,0,0,1.940810025,0,0,4.889359951,2.208300114,0,0,0,0,0,0,0,0,0,5.187439919,0,0,0,0,0,0,0,0,0,4.000720024,3.351540089
0,0,1.729979992,0,0,0,0,0,0,1.597869992,0,0,0,5.479750156,5.362989902,0,0,5.316730022,0,0,1.011639953,0,0,0,0,0,0,0,0,0,0,1.697149992,0,0,0,6.519139767,0,4.259590149,0,0,2.034480095,0,2.984970093,2.799819946,0,0,0,0,4.885069847,5.457399845,0,0,0,3.731780052,0,0,0,0,0,1.538910031,0,0,0,3.903290033,0,0,0,5.608300209,5.084379911,0,0,0,2.112349987,0,0,4.779290199,0,4.8520298,0,0,0,5.188700199,0,1.904539943,0,0,0,0,0,1.686840057,0,0,0,0,0,0,1.669829965,0,0,0,1.079540014,0,0,0,0,0,0,0,0,0,0,5.388689995,5.802050114,0,0,0,0,0,5.089159966,5.046060085,0,5.678120136,0,0,0,0,6.329669952,3.03350997,0,0,0,0,0,5.538790226,0,0,0,0,2.558500051,0,0,0,0,0,5.095980167,0,0,0,6.122680187,0,0,2.32178998,0,5.447175026,0,0,0,0,3.278850079,2.854079962,0,5.705175161,0,0,0,0,0,4.603779793,0,7.03278017,6.519139767,0,0,0,0,3.792680025,5.695010185,5.678850174,0,0,4.532700062,5.117380142,0,0,2.013669968,3.41850996,0,2.074929953,0,0,0,0,0,0,3.329099894,0,0,0,5.046060085,0,0,0,0,0,1.87182498,4.142549992,0,0,3.267760038,0,0,0,0,0,0,0,0,0,0,0,0,0,0,0,6.753640175,0,0,5.897620201,0,0,0,0,0,3.273880005,0,0,0,0,5.705175161,0,1.87182498,0,5.457399845,5.286049843,1.754909992,0,0,2.515520096,0,0,0,0,0,0,5.008950233,0,0,0,0,0,0,0,0,0,5.154870033,0
0,0,0,0,0,0,0,0,0,1.617499948,0,0,0,5.372010231,5.303780079,0,0,0,0,1.754480004,1.032670021,0,0,0,0,0,0,0,0,0,0,0,0,5.552269936,0,6.880430222,0,4.363510132,0,0,2.076920033,0,3.496890068,1.29945004,0,0,0,0,4.957779884,5.766600132,0,0,0,0,0,0,0,0,0,1.463829994,0,0,0,0,0,0,0,5.221489906,4.853975058,0,0,0,2.302059889,0,0,4.855609894,6.486690044,4.852340221,0,0,0,5.061500072,0,0,0,0,0,0,0,1.688680053,0,0,0,0,8.253470421,0,2.57859993,0,0,0,1.022210002,0,0,0,0,3.821185112,0,0,0,0,0,5.445690155,4.180530071,0,0,0,4.488059998,0,4.927959919,4.824269772,0,5.438300133,0,0,0,0,4.315380096,5.090270042,0,0,0,0,0,0,0,0,0,0,2.39060998,0,0,10.09694004,0,0,3.206640005,0,0,0,6.174670219,0,0,1.989009976,0,0,0,0,0,0,0,3.314690113,0,0,0,0,0,0,0,4.453730106,0,0,6.880430222,0,0,0,0,0,5.500790119,5.646299839,0,0,0,0,0,7.275335073,1.995769978,3.550909996,0,1.686069965,0,0,0,0,0,0,3.23281002,0,0,0,0,0,0,0,0,0,1.995769978,5.977970123,0,0,3.947720051,0,0,0,0,0,0,0,0,0,5.766600132,0,0,0,0,0,0,0,0,0,0,0,0,0,0,3.463870049,0,0,0,0,0,0,1.995769978,0,5.766600132,5.457630157,2.647599936,0,0,1.689090014,0,0,0,0,0,0,6.059820175,0,0,0,0,0,0,0,0,0,5.388020039,4.145480156
0,0,0,0,0,0,0,0,0,2.56972003,0,0,0,0,5.294469833,0,0,0,0,0,1.223029971,0,0,0,0,0,0,0,0,0,0,0,0,5.551660061,0,6.644040108,0,4.223559856,0,0,1.998630047,0,3.246370077,0.704140007,0,3.004290104,0,0,0,5.87390995,0,0,0,3.601910114,0,0,0,0,0,1.334550023,0,0,0,0,0,0,4.203420162,0,4.821054935,0,0,0,2.112030029,0,0,4.698919773,0,4.867539883,0,0,0,4.899059772,0,0,0,0,0,0,0,1.810029984,0,0,0,0,7.227479935,0,2.581690073,0,0,0,0.986190021,0,0,0,0,3.913664937,0,0,0,0,0,5.280869961,3.801609993,0,0,0,4.774569988,0,5.936950207,0,0,4.580959797,0,0,0,0,4.005320072,5.148880005,0,0,0,0,0,0,0,0,0,0,2.165260077,0,0,6.428410053,0,0,0,0,0,0,5.190130234,0,0,2.204519987,0,0,0,0,0,0,0,3.078720093,0,0,0,0,0,0,0,4.086810112,0,5.66629982,6.644040108,0,0,0,0,5.978899956,5.090109825,5.429369926,0,0,4.045680046,0,0,5.551660061,2.069849968,3.468709946,0,0,0,0,0,0,0,0,3.142539978,0,0,0,0,0,0,0,0,0,2.069849968,6.109570026,0,0,0,0,0,0,0,0,0,0,0,0,5.712785006,0,0,0,0,0,0,0,12.02892971,6.133890152,0,0,0,0,5.39357996,3.437220097,0,0,0,0,0,10.34650993,2.069849968,0,5.87390995,5.517449856,2.029230118,0,0,2.428359985,0,0,2.373389959,0,0,0,4.063729763,0,0,0,0,0,0,0,0,0,4.9885602,5.791500092
0,4.090219975,0,0,4.090219975,0,0,0,0,1.361860037,0,0,0,5.40542984,5.297210217,0,0,0,0,1.763960004,1.271180034,0,0,0,0,0,0,3.034490108,0,0,0,0,0,5.650720119,0,6.212870121,0,4.17113018,0,0,2.008140087,0,0,0.825699985,0,2.715270042,0,0,0,5.579824924,0,0,0,3.586960077,0,0,0,0,0,1.210190058,0,0,0,0,0,0,5.2333498,0,0,0,0,0,2.337569952,0,0,5.04542017,0,4.851570129,0,0,0,4.594089985,0,0,0,0,4.295149803,0,0,0,0,0,0,0,0,0,2.558969975,0,0,0,0.969290018,0,0,0,0,0,0,0,0,0,0,5.247539997,3.460190058,0,0,0,4.689809799,5.391900063,0,0,0,5.199769974,0,0,0,3.965029955,3.986449957,5.007619858,0,0,0,0,0,0,0,0,0,0,2.576139927,0,0,7.088580132,0,0,0,0,0,0,5.102169991,0,0,2.071460009,0,0,0,0,0,0,0,3.248339891,0,0,0,0,0,0,0,3.963089943,0,6.11111021,6.212870121,0,0,0,0,0,5.472879887,5.255670071,0,0,3.546299934,0,0,5.650720119,2.43543005,3.521460056,0,0,0,0,0,0,0,0,3.262490034,1.395849943,0,0,0,0,0,0,0,0,2.43543005,0,0,0,0,0,0,0,0,0,0,0,0,0,5.650720119,0,0,0,0,0,0,0,10.23305035,6.070049763,0,0,0,0,0,0,0,0,0,0,0,0,2.43543005,0,5.767749786,5.539720058,1.738109946,0,0,3.431960106,0,0,2.566790104,0,0,0,0,0,0,0,0,0,0,0,0,0,4.145840168,7.419260025
0,0,0,0,5.722690105,0,0,0,0,1.26154995,0,0,0,5.280610085,5.499959946,0,0,4.852290154,0,0,1.343490005,0,0,0,0,0,0,0,0,0,0,0,0,5.185929775,2.207750082,6.04418993,0,4.206540108,0,0,2.061549902,0,2.848340034,0.722500026,0,0,0,0,4.420269966,4.603980064,0,0,0,3.488970041,0,0,0,0,5.83825016,0,0,0,0,0,0,0,6.87237978,0,4.852290154,0,0,0,2.137949944,0,0,5.100399971,0,4.707950115,0,0,0,4.380839825,0,3.354480028,0,0,3.484730005,0,0,1.83336997,0,0,0,0,0,0,0,0,0,0,0,0,0,0,0,0,0,0,0,0,0,5.30038023,3.569910049,0,0,0,4.654900074,4.603980064,3.284379959,0,0,6.013790131,0,0,0,0,3.635940075,5.400839806,0,0,0,0,0,4.154679775,0,0,0,0,2.805419922,0,0,0,0,0,3.660769939,0,0,0,5.259280205,0,0,0,0,5.330060005,0,0,0,0,2.435369968,3.105720043,0,0,0,0,0,0,0,3.483570099,3.19866991,7.243360043,6.04418993,0,0,0,0,0,5.56155014,5.539830208,0,0,3.430310011,4.707950115,3.79282999,0,2.678129911,3.34574008,0,1.726209998,0,0,0,0,0,0,3.049249887,0,0,0,0,0,0,0,0,0,2.678129911,6.255350113,0,0,0,0,0,0,0,0,0,0,0,0,0,0,0,0,0,0,0,0,9.713600159,5.62293005,0,0,0,0,0,3.407979965,0,0,0,0,0,0,2.678129911,0,0,5.879489899,1.509570003,0,0,0,0,0,3.102829933,0,0,4.42911005,0,0,0,0,0,0,0,0,0,0,3.338989973,0
0,0,0,0,5.058509827,0,0,0,0,1.282299995,0,0,0,5.06994009,5.376110077,0,0,4.577129841,0,0,1.513640046,0,0,0,0,0,0,0,0,0,0,4.737730026,0,6.117730141,2.548049927,6.32446003,0,4.162859917,0,2.82329011,1.804250002,0,2.93091011,0.861199975,0,0,0,0,0,0,0,0,0,3.448709965,0,0,0,0,6.078080177,0,0,0,0,0,0,0,0,0,4.623439789,0,3.128180027,0,0,0,0,5.200819969,0,4.623439789,0,0,0,4.371809959,0,3.306699991,0,0,0,0,0,1.834210038,0,0,0,0,0,0,0,0,0,0,0,0,0,0,0,0,0,0,0,0,0,5.52794981,4.140920162,0,0,0,0,0,3.296570063,5.596519947,0,0,0,0,0,2.641129971,3.374239922,0,0,0,0,0,0,0,0,0,0,0,2.644330025,0,0,0,0,0,3.944000006,0,0,0,5.162139893,0,0,0,0,0,0,0,0,0,0,3.16531992,0,0,0,0,0,0,0,3.057359934,3.525079966,6.326000214,6.32446003,0,0,0,0,5.351749897,5.897920132,5.788070202,0,0,3.917390108,4.623439789,3.656260014,0,2.977459908,3.870120049,0,0,0,0,0,0,0,0,3.157979965,0,0,0,4.623439789,0,0,0,0,3.505779982,2.644330025,0,0,0,0,0,0,0,0,0,0,0,0,0,0,0,0,0,0,0,5.802199841,0,0,4.561840057,0,0,0,0,4.71762991,3.115819931,0,0,0,0,0,0,2.644330025,0,0,0,0,0,0,0,0,0,0,0,0,0,3.927510023,0,0,0,0,0,0,0,0,5.164330006,2.662260056,11.64476013
0,0,0,0,0,0,0,0,0,0,0,0,0,4.918270111,5.190730095,0,0,4.300720215,0,1.426079988,0,0,0,0,0,0,0,0,0,0,0,5.409029961,0,6.151110172,0,6.176149845,0,4.227260113,0,0,1.764179945,0,2.714730024,0.814840019,0,0,0,0,4.013229847,3.940860033,0,0,0,3.375469923,0,0,0,0,6.335330009,0,0,0,0,0,0,0,0,4.525219917,4.568745136,0,3.328299999,0,0,0,0,5.066959858,0,4.544720173,0,0,0,4.26831007,0,3.187419891,0,0,0,0,0,1.868939996,0,0,0,0,0,0,0,0,0,0,0,0,0,0,0,0,0,0,0,0,0,5.015369892,3.681299925,0,0,0,4.5927701,3.940860033,4.047570229,5.556049824,0,6.600550175,0,0,0,0,2.747370005,0,0,0,0,0,0,0,0,0,0,0,2.826359987,0,0,7.216639996,0,0,3.877629995,0,0,0,4.577819824,0.881030023,0,0,0,0,0,0,0,0,0,3.338239908,0,0,0,0,0,0,0,3.131449938,3.171439886,0,6.176149845,0,0,0,0,0,5.471459866,5.865970135,0,0,4.425859928,4.568745136,3.389889956,6.151110172,0,0,0,0,0,0,0,0,0,0,3.387530088,0,0,0,4.544720173,0,0,0,0,3.335340023,0,0,0,0,3.652070045,0,0,0,0,0,0,0,0,0,5.045985103,0,0,0,0,0,5.511559963,0,8.291890144,3.615859985,0,0,0,0,0,2.753420115,0,0,0,0,0,0,0,0,0,0,0,0,0,5.103650093,0,0,0,0,0,0,3.629410028,0,0,0,0,0,0,0,0,5.290589809,0,12.33728981
0,0,0,0,0,0,0,0,0,1.046120048,0,0,0,4.749159813,5.01816988,0,0,0,0,0,0,0,0,0,0,0,0,0,0,0,0,4.69012022,0,0,0,6.098320007,0,4.139679909,0,0,0,0,2.648960114,0,0,2.705250025,0,0,4.077849865,4.691925049,0,0,0,3.376270056,0,0,0,4.28990984,5.838140011,0,0,0,0,0,0,0,0,4.600059986,0,0,3.551779985,0,0,0,0,5.072609901,4.831099987,4.456399918,0,0,0,4.125110149,0,0,0,0,2.974090099,0,0,2.015460014,0,0,0,0,0,0,0,0,0,0,0,0,0,0,0,4.342339993,0.871410012,0,0,0,0,4.712279797,3.997210026,3.551500082,0,0,0,5.183979988,5.643869877,5.36714983,0,6.035719872,0,0,0,2.1979599,3.062629938,0,0,0,0,0,0,0,0,0,0,0,2.755160093,0,0,6.202280045,0,0,3.740530014,0,0,0,4.757329941,0.957520008,0,0,0,0,2.282010078,0,0,0,0,3.58874011,0,4.317100048,0,0,0,0,0,3.515670061,3.176350117,0,6.098320007,0,0,0,0,0,0,6.299860001,0,0,4.818240166,4.456399918,2.978240013,0,2.363820076,0,0,0,0,0,0,0,0,0,3.475239992,0,0,0,0,0,0,0,0,3.746629953,0,0,0,0,0,0,0,0,0,0,0,0,0,0,4.691925049,0,0,0,0,0,5.661290169,0,8.229519844,4.03414011,0,0,0,0,0,2.502429962,0,0,0,0,4.317100048,0,0,0,4.19987011,0,0,0,2.249269962,0,0,0,0,0,0,4.468689919,0,0,0,0,0,0,0,0,0,4.85255003,0,12.28423023
0,0,0,0,0,0,0,0,0,1.067379951,0,0,0,4.676280022,4.957250118,0,3.359329939,0,0,0,1.519119978,4.454060078,0,0,0,0,0,3.136199951,0,0,0,3.959959984,0,5.739630222,2.244199991,5.991990089,0,4.388249874,0,2.250159979,0,0,3.287100077,0,0,0,0,0,0,4.216645002,0,0,0,3.339240074,0,0,0,0,0,0,0,0,0,0,0,0,0,0,4.556890011,0,3.633589983,0,0,0,0,5.338900089,0,4.513939857,0,0,0,4.055520058,0,0,0,0,2.825839996,0,0,2.046080112,0,0,0,0,0,0,2.466089964,0,0,0,0,0,0,0,0,0,0,0,0,0,0,4.599840164,3.773910046,0,4.258629799,0,0,4.779160023,0,0,0,0,0,0,0,0,3.03873992,0,0,0,0,0,0,0,0,0,0,0,2.410929918,0,0,0,0,0,0,0,0,0,4.510489941,0,0,0,0,0,2.324980021,0,0,0,0,3.831419945,0,0,0,0,0,0,0,3.170340061,3.270539999,0,5.991990089,0,0,2.074369907,0,0,5.228789806,6.310379982,0,0,0,0,2.838920116,0,2.51680994,0,0,0,0,0,0,0,0,0,3.56972003,1.040709972,0,0,0,0,0,0,0,0,2.410929918,0,0,0,0,0,0,0,0,0,0,0,0,0,4.216645002,0,0,0,0,5.212190151,5.484570026,0,0,0,0,0,0,0,0,0,0,0,0,0,0,0,2.410929918,0,3.654129982,5.790860176,0,7.554180145,2.138070107,0,0,0,0,0,0,0,2.44671011,0,0,0,0,0,0,0,0,5.125790119,0,12.45425987
0,0,0,0,0,0,0,0,0,0,0,0,0,4.794730186,5.103219986,0,3.493659973,0,0,0,1.425660014,5.429619789,0,0,0,0,0,3.150650024,0,0,6.638700008,3.668940067,0,0,2.276309967,6.884300232,0,4.541250229,0,0,0,0,3.220230103,0,0,0,0,0,0,4.383069992,7.14496994,0,0,3.5753901,0,0,0,0,5.596759796,0,0,0,0,0,0,0,0,0,4.811609983,0,3.742350101,0,0,5.103219986,0,6.337480068,0,4.841300011,0,0,0,4.122479916,0,0,0,2.016390085,3.780610085,0,0,1.934329987,0,0,0,0,0,0,0,0,0,0,1.073989987,5.879399776,0,0,0,0,0,0,0,0,0,4.781919956,3.743530035,0,0,0,0,4.383069992,0,0,0,6.570670128,0,0,0,1.998450041,3.489249945,0,0,0,0,0,0,0,0,0,0,0,2.915580034,0,0,0,0,0,0,0,0,0,4.303160191,0,0,0,0,0,2.548000097,0,0,0,0,3.920300007,0,0,0,0,0,0,0,3.509890079,0,0,6.884300232,0,0,2.308330059,0,0,5.161650181,6.373219967,0,0,0,4.794730186,2.987940073,0,2.566760063,0,0,0,0,0,3.891449928,0,0,0,4.07133007,0,0,0,5.132435083,0,0,0,0,0,2.566760063,5.779459953,0,0,0,3.875400066,0,0,0,0,0,0,0,0,0,0,0,0,0,5.443809986,0,0,0,0,0,0,0,0,0,3.08859992,0,0,0,0,0,0,2.566760063,0,0,6.027470112,0,0,0,0,0,0,2.479079962,0,0,4.873770237,0,0,0,0,0,0,0,0,0,5.737349987,2.740570068,0
0,0,0,0,0,0,0,0,0,0,0,0,0,4.692329884,5.296979904,6.057970047,3.805850029,0,0,0,1.631770015,5.2604599,0,0,0,0,0,3.4760499,0,0,0,3.747689962,0,6.840610027,0,6.770939827,0,0,0,0,1.65455997,6.781139851,2.750999928,0,0,0,0,0,0,3.336659908,0,0,0,3.780299902,3.751760006,0,0,0,0,0,0,0,0,0,0,0,0,4.050670147,0,0,3.83716011,0,0,5.131675005,0,6.520500183,0,4.735390186,0,0,2.805520058,4.334489822,0,0,0,2.00632,1.169839978,0,0,0,0,0,0,0,0,0,2.828200102,0,0,0,0,6.079569817,0,0,0,4.413450003,0,0,0,0,0,5.004849911,3.640460014,0,0,0,0,3.336659908,0,0,0,6.075900078,0,0,0,2.303869963,3.577889919,14.19882965,0,2.334569931,0,0,0,0,0,0,0,0,0,0,0,0,0,0,0,0,0,0,0,0.913600028,0,0,0,0,3.005019903,0,0,4.733449936,0,4.314099789,0,0,0,0,0,0,0,0,0,5.111430168,6.770939827,0,0,2.242980003,0,2.984970093,0,6.63613987,0,0,0,0,3.122580051,0,2.549679995,0,0,0,0,0,4.187930107,0,0,0,4.337470055,0,0,0,0,0,0,0,0,0,0,5.144629955,0,0,0,0,0,0,0,0,0,0,0,0,0,0,0,5.356949806,0,5.258500099,0,0,0,0,0,0,0,0,5.675139904,3.045409918,0,0,0,0,0,0,0,0,0,5.754889965,0,0,0,0,0,0,2.411530018,0,0,0,4.310679913,0,0,0,0,0,0,0,0,0,2.091599941,22.32221031
0,0,0,0,0,0,0,0,0,0,0,0,0,5.516429901,5.251999855,0,0,5.372310162,0,0,1.692620039,4.950489998,0,0,0,0,0,0,0,0,0,4.29403019,0,0,0,7.704259872,0,4.940430164,0,2.383719921,1.657850027,6.50304985,0,0,0,0,0,0,0,3.214030027,7.074769974,0,0,4.09555006,4.158679962,4.407919884,0,0,7.772819996,0.773949981,0,0,0,0,0,0,0,4.197700024,4.840950012,0,4.244890213,0,2.3542099,4.950489998,0,7.487160206,0,5.429590225,0,0,0,0,0,0,0,2.088439941,0,0,0,0,0,0,1.665750027,0,0,4.940430164,0,0,0,0,0,5.919589996,0,0,0,0,0,0,0,0,0,5.114749908,4.314620018,0,5.141580105,0,4.733890057,3.214030027,0,3.429039955,0,6.029150009,0,0,0,0,3.69698,0,0,0,1.66652,0,0,0,0,0,0,0,0,0,0,8.577030182,0,0,0,0,0,0,4.824969769,0,0,1.775449991,0,0,0,0,0,4.630569935,0,0,0,0,0,0,0,0,0,0,0,4.654630184,7.704259872,0,0,2.065119982,0,0,4.756609917,7.676640034,0,0,0,4.890690088,3.508219957,0,2.386440039,0,0,0,0,0,4.182759762,0,0,0,4.840950012,0,0,0,5.251999855,0,0,0,0,0,0,5.999289989,0,0,0,0,0,0,0,0,0,0,0,0,0,0,0,4.44960022,0,5.50703001,0,0,0,0,0,0,0,0,0,0,8.18558979,0,0,0,0,0,0,0,0,5.983769894,3.365469933,0,0,0,0,0,0,0,0,0,3.817830086,0,0,0,0,0,0,0,0,5.886020184,1.942080021,0
0,0,0,0,0,3.44698,0,0,0,0,0,0,0,5.25466013,0,0,4.565269947,5.411039829,0,3.451100111,0,4.170660019,0,0,0,0,0,0,0,0,0,0,0,0,0,6.680019855,0,4.904769897,0,2.511820078,1.985710025,4.78869009,0,0,6.373119831,0,0,0,0,3.747999907,5.619480133,0,0,4.159969807,4.649960041,4.336639881,0,0,7.471059799,0.893369973,0,0,0,0,0,0,0,4.583759785,4.667274952,0,4.484680176,0,0,4.667274952,0,6.857069969,0,5.626430035,0,0,0,4.850830078,6.915659904,0,0,0,0,0,0,0,0,0,1.43998003,0,3.724450111,4.761065006,0,2.512639999,0,0,0,5.834889889,0,0,0,6.148569822,0.998549998,0,0,0,0,5.187900066,0,0,4.755579948,0,4.433310032,4.064189911,0,3.635669947,0,5.924019814,5.588190079,0,0,0,3.01831007,0,0,0,1.93125999,0,0,6.532380104,0,0,0,0,3.108530045,0,0,7.025430202,0,0,0,0,0,0,0,0,0,0,0,0,3.647089958,0,0,4.52628994,0,0,0,0,0,0,0,0,0,0,0,4.705289841,6.680019855,0,0,2.265389919,0,0,4.663249969,7.830430031,0,0,5.926050186,4.761065006,3.444489956,0,2.589309931,3.470540047,0,0,0,0,0,0,0,0,4.671299934,0,0,0,4.904769897,0,0,0,0,0,0,6.343820095,0,0,0,0,0,0,0,0,0,0,0,0,0,0,0,3.712500095,0,0,5.140289783,0,9.021710396,0,0,0,0,0,0,3.405230045,0,0,0,0,0,0,0,0,3.431809902,6.176469803,3.42482996,0,0,0,0,0,2.271719933,0,0,0,5.006030083,0,0,0,4.11687994,0,0,0,0,5.806089878,1.793519974,44.33398056
0,0,0,0,0,3.814640045,0,0,0,0,0,0,0,5.143909931,5.428349972,3.337369919,5.015110016,2.988660097,0,0,0,2.372070074,0,0,0,0,0,0,0,4.568160057,0,0,0,0,0,6.324450016,4.642334938,4.908770084,0,2.564699888,1.841920018,4.301449776,0,0,4.910339832,0,0,0,3.352720022,3.473814964,0,0,0,3.741230011,4.517549992,4.430759907,0,0,7.471039772,1.033300042,0,2.442089975,0,3.093619943,0,4.596094847,1.997640014,4.604000092,4.690214872,0,4.434629917,5.905409813,0,4.690214872,0,6.809909821,0,5.79073,0,0,0,4.839260101,0,0,0,0,2.553560019,0,0,0,0,0,1.604799986,0,3.609339952,4.803189993,0,2.617449999,0,0,0,4.847489834,0,0,0,0,1.004349947,0,0,0,0,4.8708601,4.081809998,0,4.780620098,0,4.318649769,3.389080048,0,3.465729952,4.034450054,0,6.156429768,0,0,2.576410055,2.93543005,0,3.352720022,0,2.224630117,0,0,0,2.985085011,0,0,0,2.957600117,0,0,8.64097023,3.814640045,4.767119884,3.534490108,0,0,0,4.734809875,1.06456995,0,0,0,0,3.692559958,0,0,4.271230221,0,0,1.202479959,0,0,0,0,0,0,0,4.008850098,4.342549801,6.324450016,0,0,2.329750061,0,0,4.578879833,7.695680141,0,0,5.742129803,4.767119884,3.413259983,0,2.79531002,3.947809935,0,3.042259932,0,0,4.3302598,0,0,0,4.61330986,0,0,0,4.843374968,0,0,0,0,0,0,5.692470074,0,0,0,0,0,0,0,0,0,0,0,0,3.558549881,0,0,4.297579765,4.905590057,6.148139954,5.653140068,0,7.703690052,0,0,0,2.442089975,0,0,3.144979954,2.065900087,0,2.985085011,0,0,0,0,0,3.558549881,6.429759979,2.251110077,0,0,0,0,0,2.521399975,0,0,0,0,0,0,0,0,0,0,0,0,0,1.838529944,0
0,0,0,0,0,3.083509922,0,0,0,3.731980085,1.848430037,0,0,5.240970135,5.259900093,3.512569904,4.083240032,3.049479961,0,1.440260053,0,2.230079889,0,0,0,0,0,0,0,0,0,0,0,0,0,0,4.334750175,4.917290211,0,2.796250105,1.853389978,4.056230068,0,0,0,0,0,0,3.890719891,3.463250041,0,0,0,0,4.244909763,4.494709969,0,0,7.884940147,1.22724998,0,2.896309972,0,0,3.376894951,4.494450092,0,4.671569824,4.799700022,1.638550043,4.457459927,6.062329769,2.774620056,4.754179955,0,6.858980179,0,5.756720066,0,0,0,4.386829853,0,0,0,0,2.566279888,0,0,0,0,0,1.563699961,0,0,4.845220089,2.728310108,0,0,0,0,4.334750175,3.499609947,0,0,0,1.078549981,0,0,0,0,4.754179955,3.537760019,0,5.218349934,0,4.447639942,3.677730083,7.475989819,0,3.923710108,0,4.902609825,0,0,0,0,5.859610081,0,2.429749966,2.084670067,0,0,0,0,0,0,0,3.343600035,0,0,0,3.784224987,4.845220089,3.336110115,5.262979984,0,0,0,1.082239985,9.896639824,0,0,4.671569824,0,0,0,4.303110123,0,0,0,4.185309887,0,0,0,0,0,0,5.381259918,4.913849831,0,0,0,2.144180059,0,0,4.494190216,7.138050079,0,0,6.383719921,4.88125515,3.184520006,0,2.810570002,4.09431982,3.118799925,3.362869978,0,0,6.257380009,0,0,0,5.065110207,0,0,0,4.845220089,0,0,3.241219997,0,0,0,4.943749905,0,0,0,0,0,0,0,0,0,0,0,0,0,0,0,4.124400139,0,6.838620186,4.938159943,0,7.779220104,3.69904995,0,0,2.896309972,3.512569904,4.412439823,3.499609947,2.043450117,0,0,0,4.185309887,0,0,0,3.248769999,6.287809849,0,0,2.53283,0,0,3.512569904,2.869869947,0,0,0,0,0,0,0,0,0,0,0,0,5.575749874,0,0
0,0,0,0,0,3.37947011,3.713279963,0,0,0,0,0,0,0,0,0,0,0,0,0,1.952469945,0,0,0,0,0,0,0,0,0,0,0,0,0,0,0,0,0,0,3.012459993,0,4.030889988,0,0,0,0,0,0,0,3.852375031,0,0,0,0,0,0,0,0,0,0,0,3.733065009,0,0,0,0,0,0,0,0,0,6.346139908,2.757940054,0,0,0,0,0,0,0,0,0,0,0,0,0,0,0,0,0,0,0,0,0,0,0,0,0,0,0,0,0,0,0,0,0,1.072080016,0,0,3.361360073,0,0,0,0,0,0,0,4.379539967,6.364510059,0,4.373429775,0,0,0,0,0,0,5.582630157,0,2.130199909,0,0,0,0,0,0,0,0,0,0,0,11.36400986,0,5.45043993,0,5.518129826,0,0,0,1.212419987,0,1.538460016,0,0,0,0,0,0,0,0,0,0,0,3.948970079,0,0,1.585800052,0,0,4.620379925,0,0,0,0,0,0,0,7.30343008,0,0,6.157219887,0,3.356800079,0,3.022300005,3.847110033,0,3.517159939,0,0,0,0,0,0,0,0,0,0,0,0,0,0,0,0,3.022300005,4.377079964,0,0,0,0,0,0,0,0,0,0,0,0,0,0,0,4.122320175,0,0,0,0,0,0,0,2.27335,3.733065009,0,0,4.577189922,0,0,0,0,0,0,3.022300005,0,3.325210094,6.679029942,0,3.730829954,2.458590031,0,5.456009865,0,0,0,0,0,0,0,0,0,0,0,0,0,0,0,0,0
4.763909817,0,0,0,2.567120075,3.536979914,0,0,0,4.039869785,0,0,0,0,6.103740215,3.380019903,0,0,2.747889996,0,0,2.739429951,0,0,0,0,0,2.152270079,0,4.756659985,0,5.253950119,0,0,0,5.493770123,4.942009926,4.744900227,0,3.340150118,1.844329953,3.787940025,0,0,4.068270206,3.926440001,2.201359987,6.391769886,0,2.438920021,6.208730221,0,0,0,3.580120087,4.461870193,0,5.739840031,8.106749535,0,0,0,0,0,0,4.45031023,2.195369959,0,4.540569782,4.620580196,4.287859917,6.244349957,0,4.540569782,0,0,5.524700165,5.687920094,0,0,3.419660091,4.214389801,2.108880043,0,0,0,0,0,2.187979937,2.892560005,0,0,0,0,0,4.501219988,0,0,0,0,0,4.408649921,0,0,0,0,0,0,0,3.572560072,0,4.291240215,0,0,6.78387022,6.639239788,4.45031023,0,0,3.356029987,0,0,4.919630051,1.259070039,0,4.020569801,3.368139982,0,3.645864964,0,0,0,0,5.528940201,3.340150118,0,0,0,3.051419973,0,0,0,4.138329983,6.116449833,0,5.813489914,3.350049973,0,5.115540028,1.208829999,0,1.588790059,0,0,3.365289927,0,0,0,2.649590015,4.184720039,0,0,0,5.493020058,0,1.899670005,0,0,0,0,5.493770123,0,0,0,0,2.225850105,4.540569782,7.360779762,2.892879963,0,0,4.461870193,4.138329983,0,0,0,3.278179884,3.81449008,0,0,4.942009926,0,0,0,0,4.198339939,0,0,4.461870193,0,3.577670097,0,0,0,3.051419973,8.281310081,0,2.474570036,0,2.315020084,0,2.547250032,0,0,0,0,0,0,0,0,0,0,0,7.06125021,0,0,5.992070198,0,0,1.64902997,0,0,3.984240055,4.625699997,2.528490067,0,3.309165001,0,0,5.517129898,3.051419973,0,2.438920021,0,0,0,2.175909996,0,4.448840141,0,2.243370056,0,0,4.033370018,0,0,0,0,7.641049862,0,0,0,0,0,2.118230104,0
4.395540237,4.467334867,0,2.506749988,0,3.592930079,0,0,0,4.521679878,2.235189915,0,2.753969908,0,6.112339973,4.212140083,3.417449951,0,1.921939969,0,2.132819891,0,0,0,0,6.000010014,5.442269802,0,0,3.800620079,4.341239929,4.932050228,0,0,1.690019965,5.530799866,4.579434872,4.749219894,0,3.729219913,1.888039947,4.094329834,0,0,0,4.44080019,0,6.801680088,5.394360065,2.756119967,6.755239964,0,0,4.772079945,3.66753006,0,7.629479885,4.028580189,7.931159973,0,0,0,3.860579967,0,3.618079901,4.383719921,1.547340035,0,4.510849953,5.26281023,4.260439873,6.646560192,0,4.579434872,0,5.86992979,5.168640137,0,0,6.424910069,3.081229925,3.99345994,2.15512991,4.110370159,0,2.361419916,1.565129995,5.246170044,0,3.027729988,0,0,0,0,8.561059952,4.579434872,0,0,2.778019905,0,0,4.56704998,4.216274977,3.764919996,2.835664988,0,0,2.835664988,0,4.415390015,0,4.139220238,4.22040987,0,6.434010029,6.409049988,4.510849953,0,4.944169998,3.433300018,3.892570019,5.323239803,4.08521986,0,10.87100983,3.322669983,3.369290113,0,4.015749931,0,0,0,2.264169931,5.449940205,3.764919996,2.568530083,3.002939939,0,0,3.618079901,3.830600023,12.49934959,4.139220238,0,0,5.54554987,3.336649895,0,5.140160084,1.195279956,4.662559986,2.405009985,0,0,3.535360098,13.73182964,4.012489915,0,2.231839895,0,0,0,0,5.145659924,0,2.778019905,1.722030044,3.93975997,4.994909763,5.686789989,5.530799866,7.130760193,0,2.568530083,0,2.923650026,4.506999969,6.966479778,2.89331007,0,6.636209965,4.56704998,4.035930157,5.246170044,2.611490011,4.567230225,3.44133997,0,0,0,4.591819763,2.568530083,0,0,5.046860218,4.230879784,0,0,4.749219894,0,4.345300198,0,0,3.860579967,2.752400041,7.072269917,0,2.444969893,0,0,0,2.562609911,0,0,0,3.322654963,0,3.322654963,4.592965007,0,0,4.107299805,0,6.848730087,5.090950012,0,5.261000156,0,0,3.227859974,0,3.75532496,4.185719967,4.832670212,2.076519966,0,3.729219913,0,0,5.380559921,2.752400041,3.322654963,2.756119967,6.270989895,2.880990028,0,0,0,3.618079901,4.212140083,0,0,0,5.752689838,0,0,0,0,6.162650108,4.108834982,4.016250134,0,0,5.875229836,1.774950027,0
4.714680195,3.769109964,0,2.593400002,2.607530117,3.430170059,0,0,0,4.580309868,2.772730112,0,0,4.891469955,5.588809967,3.853990078,2.645479918,0,2.113660097,0,2.125080109,0,0,2.232840061,0,6.196619987,5.028429985,0,0,3.948930025,4.71585989,3.705909967,5.786759853,0,1.612650037,5.423319817,4.868400097,4.648369789,0,3.77583003,0,3.703670025,1.779919982,0,0,3.511209965,0,0,4.666950226,3.869560003,7.704810143,0,0,4.9895401,3.64034009,0,9.659999847,0,8.084340096,1.888290048,0,4.208930016,3.827090025,0,3.25661993,4.166140079,1.150930047,0,4.585120201,0,4.166049957,5.332429886,3.983109951,4.868400097,0,5.709300041,5.877739906,0,0,6.706870079,3.827090025,4.031730175,2.181050062,0,0,2.593400002,1.465870023,0,0,3.230190039,0,0,0,0,8.484149933,4.758384943,0,0,2.593400002,0,0,4.868400097,3.901460052,3.430170059,2.593400002,0,0,2.61943996,0,4.324790001,0,4.135890007,4.030640125,0,6.431439877,6.10131979,4.291079998,4.983469963,0,0,3.25661993,5.186729908,3.50838995,1.666810036,11.18587017,4.740389824,0,0,3.970685005,1.503690004,0,0,0,0,3.77583003,2.593400002,2.646094918,0,0,2.988375068,3.433264971,10.09154987,3.853990078,0,0,5.280640125,3.314389944,0,0,1.255360007,4.486390114,2.438689947,0,0,3.992439985,0,3.607439995,0,2.971560001,0,0,0,0,5.550370216,0,0,0,3.769109964,5.247970104,5.971610069,5.423319817,6.901780128,0,2.565020084,0,3.001600027,4.585120201,6.467269897,2.975150108,0,0,4.666950226,3.200239897,5.332429886,1.837820053,4.759689808,3.228029966,3.164400101,8.017979622,0,4.983930111,2.579210043,0,0,5.163849831,4.230209827,0,0,4.879935026,0,3.725980043,2.868629932,2.93979001,3.436359882,2.550115108,5.90982008,1.012179971,2.44968009,3.32130003,0,4.949369907,2.838680029,0,0,0,2.80913496,0,2.80913496,4.983469963,0,0,3.864680052,0,6.740149975,5.508480072,0,0,0,4.718830109,2.646709919,4.208930016,3.343394995,3.920900106,5.25345993,2.328710079,0,3.643519998,0,0,4.878079891,2.550115108,2.80913496,2.755650043,6.201960087,2.516880035,0,0,2.461669922,4.166230202,3.901460052,2.422549963,0,0,7.913780212,0,0,0,0,7.003630161,3.859335065,3.582930088,0,9.64552021,5.443580151,1.788190007,0
4.739860058,4.668419838,0,2.42614007,0,3.458699942,0,0,0,4.833740234,2.469439983,0,0,0,5.575479984,3.503420115,2.903909922,0,2.365099907,0,2.171930075,3.384239912,0,0,0,0,5.796929836,0,0,3.844680071,6.055369854,0,5.91573,0,0,4.953030109,5.077809811,4.81137991,0,0,0,3.668679953,2.424180031,0,0,3.708679914,0,0,4.832029819,4.223160028,8.358090401,0,0,5.11552,3.732830048,0,7.805429935,0,8.215450287,1.967829943,0,2.69233501,4.088779926,0,3.325264931,4.650090218,0,0,5.224609852,4.047160149,4.111269951,5.224609852,3.700289965,5.077809811,0,5.840250015,5.643109798,0,0,0,0,4.118299961,2.137500048,5.354440212,0,2.081909895,1.158100009,0,0,3.364579916,0,0,0,0,8.397299767,4.953030109,3.903700113,0,2.70720005,0,0,4.931009769,3.771124959,3.503420115,2.903909922,0,2.460030079,2.903909922,0,0,0,4.090149879,4.071680069,0,6.705920219,6.362279892,4.650090218,5.381030083,0,0,0,5.206210136,3.854180098,1.722219944,11.98812008,4.421549797,0,6.585830212,4.105879784,1.990280032,2.841480017,0,0,5.707330227,3.844680071,2.682824969,3.432719946,0,0,0,3.668679953,9.365050316,3.894940019,5.84758997,3.555799961,5.454130173,2.71446991,0,0,0,4.846849918,2.70720005,0,6.201849937,4.24104023,0,3.688529968,0,2.658449888,0,0,0,0,0,0,0,2.106839895,3.114860058,4.508979797,7.484469891,4.953030109,6.888869762,0,2.279819965,0,0,4.699649811,6.830629826,3.708379984,0,6.560490131,4.942019939,4.020319939,5.031424999,0,4.105879784,3.037120104,2.92463994,7.70720005,0,5.319029808,2.658449888,0,0,5.33713007,3.833570004,0,0,4.931009769,0,3.200190067,3.266289949,3.106019974,4.827859879,0,7.718870163,0,2.459490061,3.542490005,0,3.432719946,0,0,0,0,3.432719946,0,3.432719946,5.031424999,0,0,3.93569994,5.756830215,6.617640018,4.838240147,0,0,4.360489845,4.843009949,2.42614007,2.69233501,3.384239912,3.767040014,4.81787014,2.376590014,0,3.839125037,0,0,4.477560043,0,3.432719946,3.065289974,6.201849937,2.634619951,0,0,0,4.685060024,3.771124959,2.800960064,0,0,0,0,2.904769897,0,0,8.95114994,4.033740044,3.826289892,0,9.237660408,5.159480095,0,0
4.923649788,0,0,2.588434935,0,3.117799997,1.65971005,0,0,4.017340183,2.135040045,0,3.395250082,0,5.522130013,3.154459953,3.004930019,0,2.159490108,0,2.017149925,3.386080027,0,0,0,0,0,0,0,3.750370026,5.880620003,0,0,0,1.519569993,4.993080139,5.179230213,5.164219856,0,4.081210136,0,4.090330124,0,0,3.208319902,4.268129826,2.258419991,7.876820087,5.150440216,4.459119916,9.571169853,0,0,5.581669807,3.95878005,0,8.447600365,0,8.213029861,1.914010048,0,2.89222002,3.407730103,3.871724963,3.227304935,4.438934803,0,0,5.258719921,3.523900032,4.134570122,5.431310177,3.632450104,5.179230213,0,6.0167799,6.275869846,0,0,0,0,4.643370152,2.235019922,0,0,2.593869925,1.44291997,0,0,3.424309969,0,0,0,0,8.365539551,5.164219856,4.015540123,0,2.588434935,3.820039988,0,5.179230213,3.785205007,3.386080027,2.825220108,0,2.645689964,2.775789976,0,0,0,4.106140137,4.484879971,0,7.298920155,6.451049805,4.432409763,5.375229836,0,0,3.029700041,6.171999931,4.445459843,1.711210012,0,3.920510054,0,6.551109791,4.017340183,2.825220108,2.552710056,0,0,0,3.883855104,2.588434935,0,0,0,3.180579901,3.300149918,10.10044956,4.093675137,5.800079823,0,5.609499931,2.842959881,0,0,0,5.497910023,2.231790066,5.791860104,0,4.454959869,8.208979607,3.396905065,3.300149918,2.896229982,4.143050194,0,0,0,7.210780144,0,0,2.277149916,3.060899973,0,7.657929897,4.993080139,6.742330074,0,2.401340008,0,2.391010046,4.805900097,7.437290192,3.152839899,0,6.406990051,5.164219856,4.325069904,4.936089993,0,4.1916399,2.820569992,2.89222002,7.521989822,0,5.387350082,2.593869925,0,0,5.258719921,3.407730103,0,0,5.171725035,0,3.846560001,3.504129887,3.835020065,0,0,7.636889935,1.426440001,2.582999945,3.878530025,0,3.54527998,3.242840052,0,0,0,3.060899973,0,3.060899973,4.908049822,2.720580101,0,4.245399952,5.672860146,6.924349785,4.440869808,0,5.193329811,5.04693985,5.069139957,0,2.89222002,3.343114972,3.487449884,3.864919901,2.775789976,0,3.750370026,0,0,3.795000076,0,3.060899973,3.543009996,5.790060043,2.728060007,0,0,0,5.438630104,3.627249956,2.32220006,0,0,7.801959991,0,0,0,0,8.131979942,3.987160087,3.841389894,0,0,5.066219807,0,0
0,0,0,2.738219976,0,3.138240099,0,0,0,3.535049915,2.145040035,0,0,0,5.361830235,3.286149979,0,0,2.283159971,0,2.069390059,3.998450041,0,0,0,0,5.248209953,1.666270018,0,0,6.245699883,0,0,0,1.539800048,0,5.066850185,5.36935997,0,3.963459969,0,3.967989922,3.091419935,0,2.836159945,4.325139999,0,0,5.133739948,3.696724892,9.940859795,0,0,6.670229912,4.117280006,0,8.889849663,0,8.121930122,1.84465003,0,0,3.574229956,0,3.415060043,4.679155111,0,4.945630074,5.066850185,0,4.173429966,5.271170139,0,5.066850185,0,6.167439938,0,0,0,0,0,4.816520214,2.065599918,0,0,2.371020079,1.363379955,0,0,3.429339886,3.926739931,0,0,0,6.955900192,5.066850185,4.285299778,0,0,3.864799976,0,5.791150093,3.864799976,3.458904982,0,0,3.217999935,0,0,3.613409996,0,4.206180096,4.363220215,0,7.245079994,6.331369877,4.541790009,4.256849766,0,0,0,6.494269848,4.475419998,0,0,3.790990114,0,0,3.851875067,0,0,0,0,3.534490108,3.535049915,0,0,2.46013999,0,3.176334977,3.458904982,13.21957016,4.207875013,5.114180088,0,5.066850185,2.780169964,0,0,0,5.424890041,2.610949993,5.324069977,0,5.072579861,11.81980038,3.645974994,0,3.805599928,0,0,0,0,0,0,0,2.365010023,4.415830135,3.215660095,7.502880096,0,6.137139797,0,1.937059999,0,2.422009945,5.040420055,7.416359901,3.11435008,0,6.437530041,5.123960018,3.896990061,5.543970108,0,4.168700218,2.937799931,2.935179949,0,0,5.32449007,0,0,0,5.281529903,3.382760048,0,0,5.281529903,0,3.373939991,3.543970108,3.678539991,0,3.11435008,7.105090141,0,2.738219976,3.981940031,0,3.260610104,3.134670019,0,0,0,0,0,0,4.843500137,3.246929884,0,4.209569931,5.70333004,6.791429996,5.816770077,0,5.374929905,6.480840206,4.728779793,0,0,3.61125505,3.326090097,3.725610018,2.420789957,0,3.458904982,0,0,4.159510136,3.11435008,0,3.136600018,6.81675005,2.851310015,0,0,0,5.607860088,3.862030029,2.068209887,0,0,8.637809753,0,0,0,0,8.441510201,4.117280006,0,0,0,4.864850044,0,0
4.408480167,3.74496007,0,2.790269971,0,3.227519989,1.544119954,4.6707201,0,3.486520052,2.486730099,0,0,0,5.302430153,3.447700024,3.74496007,0,2.566900015,0,1.940140009,2.319950104,0,0,0,5.712259769,5.33589983,1.775879979,0,3.974479914,6.024280071,0,6.609069824,0,1.624529958,0,4.84540987,5.293079853,0,3.538389921,0,4.127860069,3.013639927,0,2.288130045,4.079349995,0,7.476640224,4.890629768,3.912549973,10.26823044,0,0,6.117720127,3.992389917,0,9.264670372,0,8.207630157,0,0,2.748470068,3.419530034,3.841825008,3.270125031,4.743639946,0,4.6707201,4.961864948,3.148969889,4.157859802,4.877349854,0,4.961864948,0,6.157579899,6.209159851,0,0,0,0,4.743639946,2.914200068,7.535580158,0,2.210000038,0.622470021,0,0,3.667190075,0,0,0,0,5.51293993,5.054675102,4.558959961,0,3.037119985,3.819649935,0,5.335859776,3.699154973,3.339619994,3.037119985,2.650884986,2.748470068,3.083865047,0,3.352540016,0,4.48499012,4.296629906,0,7.161180019,5.933420181,4.385200024,3.912549973,0,0,2.25590992,6.796929836,4.622439861,1.719820023,0,3.971349955,0,5.535069942,3.943514943,2.413000107,2.640949965,0,0,3.436460018,3.745604992,2.812619925,3.108380079,2.433330059,0,3.171940088,3.326699972,11.10900974,4.079349995,5.174280167,0,4.84540987,2.23348999,0,0,1.243860006,6.771039963,2.812619925,4.661600113,5.371479988,4.726709843,0,3.486520052,0,3.859220028,4.434929848,0,0,0,4.325729847,0,3.326699972,1.950799942,4.31306982,0,5.923890114,0,0,0,0,0,0,5.062970161,7.298270226,3.171940088,0,6.512030125,4.968504906,4.02835989,5.139479876,1.767590046,3.578660011,2.957870007,2.469830036,0,0,5.355579853,3.037119985,0,0,5.046380043,2.869899988,0,0,5.23368001,0,3.462589979,3.312730074,3.547869921,0,2.556040049,6.277460098,1.629899979,3.060600042,3.652760029,0,3.107130051,0,0,0,0,3.109630108,0,3.109630108,4.877349854,3.234709978,0,4.101570129,5.64425993,6.663109779,5.401609898,0,0,5.371479988,0,1.592949986,2.748470068,3.380215049,3.109630108,4.030889988,2.772030115,0,3.578660011,0,0,3.91376996,2.556040049,3.109630108,0,6.720789909,2.989989996,0,3.561229944,4.952370167,5.313509941,3.563264966,2.499540091,0,0,0,0,0,0,0,0,3.992389917,0,0,0,5.068910122,2.463429928,0
4.68132019,4.00578022,0,2.84207499,2.120110035,3.281549931,1.644970059,0,0,3.860009909,2.712029934,0,0,4.910299778,5.249370098,2.974620104,3.632159948,5.795859814,2.656680107,3.941139936,0,4.108799934,0,0,0,5.871029854,0,1.988770008,0,4.4790802,5.669650078,0,7.287149906,10.67858982,1.652220011,4.765880108,4.813159943,5.057400227,0,3.262830019,0,4.105750084,2.887170076,0,1.681020021,4.020989895,0,0,0,4.616419792,10.55778027,0,0,6.286670208,3.865910053,0,8.365889549,0,8.085570335,0,0,0,0,0,3.512130022,4.878399849,0,4.794429779,4.976174831,0,4.144320011,4.813159943,0,5.073949814,0,6.02507019,5.167059898,0,0,0,0,4.949150085,2.484319925,7.42208004,0,1.849060059,0.691879988,0,0,3.963959932,0,0,0,0,8.139730453,4.949150085,4.134630203,0,3.023475051,0,0,5.330920219,3.899299979,3.512130022,3.309639931,2.468445063,2.872819901,3.364639997,0,3.188750029,0,4.520989895,4.056509972,0,7.338439941,5.754449844,4.238299847,4.616419792,0,0,2.263530016,7.335649967,4.873839855,0,0,3.831449986,0,4.738339901,0,2.414089918,2.646189928,0,0,4.238959789,0,2.978379965,0,0,0,3.512130022,3.52218008,12.07966042,3.93859005,4.878399849,0,0,2.277879953,0,0,0,7.162700176,3.309639931,5.016839981,0,4.845689774,0,3.860009909,0,3.52218008,0,0,0,0,0,0,4.00578022,0,4.078199863,0,0,4.765880108,0,0,0,0,0,5.109399796,6.865069866,3.364639997,0,6.278960228,5.003275156,3.517210007,6.286670208,2.049720049,0,2.839030027,2.328069925,0,0,5.425749779,2.887170076,0,0,5.073949814,0,0,0,5.091674805,0,3.971879959,3.500390053,3.771929979,0,3.188750029,5.430920124,1.563070059,4.042300224,3.195960045,0,2.796979904,3.177850008,0,0,0,3.52218008,0,3.52218008,5.549915075,4.856450081,0,3.759959936,5.6040802,6.506400108,6.484620094,0,0,0,2.540999889,1.694769979,0,3.642030001,3.159780025,3.93859005,3.512130022,0,0,0,0,0,3.188750029,3.52218008,0,6.451570034,0,0,3.546250105,0,6.06441021,3.979789972,2.714750051,0,0,6.350800037,0,3.046329975,0,0,0,4.049405098,0,0,0,5.063199997,1.735530019,0
0,3.871469975,0,2.741450071,2.281460047,3.191459894,2.244899988,0,0,4.128210068,2.715770006,14.7170496,0,4.750199795,5.226520061,2.555520058,0,0,2.56340003,3.982189894,2.131289959,3.903460026,2.874409914,0,0,6.076960087,0,0,0,4.870600224,0,0,0,0,1.415060043,0,4.696129799,4.81757021,0,3.021529913,0,4.00150013,2.741450071,0,0,3.916719913,0,6.529600143,4.616139889,0,9.057169914,0,0,6.330269814,4.195509911,4.293960094,8.278779984,0,7.729909897,0,0,0,4.001780033,0,3.634880066,4.81757021,0,4.001780033,4.825729847,2.127000093,4.184820175,0,5.490960121,4.866699934,0,5.928380013,5.655320168,0,0,0,0,4.996890068,3.00364995,5.259829998,0,0,0.751630008,0,0,0,0,0,3.032850027,0,3.118910074,4.825729847,3.842789888,0,0,0,0,5.296080112,3.903460026,3.669059992,0,0,0,3.40350008,0,3.142849922,0,4.547470093,4.289989948,0,7.195219994,5.755889893,4.52545023,0,0,0,2.626780033,7.049839973,5.549860001,0,0,4.059279919,0,3.759979963,4.128210068,2.958790064,2.779759884,0,0,4.696690083,3.792889953,0,0,2.053809881,0,3.549170017,3.752689958,11.27128029,3.891489983,4.825729847,0,4.696129799,2.193860054,0,0,0,7.498990059,2.830970049,4.64523983,4.289989948,4.699920177,0,3.866260052,0,0,0,0,0,0,0,0,3.871469975,1.958510041,3.697510004,0,4.485760212,0,6.031710148,0,2.558520079,0,0,5.044020176,6.382760048,3.605360031,0,5.95276022,4.821650028,3.859339952,6.180989981,2.395509958,0,2.652810097,2.425790071,0,0,5.207650185,0,0,0,4.907670021,0,0,0,5.020455122,0,0,4.306509972,3.866260052,0,2.76917994,5.891170025,1.963019967,3.807869911,2.859119892,0,0,3.492980003,0,0,0,3.56625998,0,3.56625998,0,4.271180153,0,3.707700014,5.590660095,6.364290237,6.554759979,0,4.770120144,5.346000195,0,0,0,3.866260052,3.435009956,4.05038023,3.40350008,0,3.669059992,0,0,0,2.76917994,3.56625998,0,6.438799858,2.728060007,0,3.009919882,0,6.214799881,3.916719913,2.880259991,0,0,0,3.669059992,3.57675004,0,0,0,4.026080132,0,0,0,5.072569847,0,0
4.815040112,0,0,3.044924974,0,3.275929928,2.104690075,0,0,4.462600231,3.018939972,0,0,4.660890102,5.146900177,2.549279928,0,0,2.363310099,4.07983017,2.202219963,3.682640076,2.575000048,0,0,5.152100086,0,0,0,4.974259853,5.220389843,0,0,8.851490021,1.313320041,4.766409874,4.595210075,4.557980061,0,3.21378994,0,4.258329868,3.075229883,0,0,4.083010197,0,5.407549858,4.63451004,5.49022007,11.86820984,0,0,6.280829906,3.84717989,4.366799831,8.40625,0,7.615600109,2.046789885,0,3.078419924,3.563529968,3.454550028,3.682640076,4.630659819,0,3.68460989,4.677330017,0,4.254049778,4.620639801,5.451129913,4.677330017,0,5.67125988,5.894720078,0,0,0,0,4.928870201,2.696870089,5.519869804,0,0,0.81686002,0,0,0,0,0,3.088089943,0,2.391180038,4.713980198,3.454550028,0,0,3.971659899,0,5.143050194,3.828134894,3.60984993,0,0,3.044250011,0,0,0,0,4.713980198,4.596809864,0,6.944330215,5.498829842,4.10503006,5.49022007,0,0,2.831389904,0,6.467000008,1.599300027,0,4.193809986,0,0,4.272805214,3.078419924,2.583570004,0,0,0,3.855165124,0,0,1.921190023,0,0,3.60649991,0,4.291189909,4.595210075,0,4.640679836,2.043450117,0,0,0,8.293370247,2.902740002,4.417880058,0,4.690509796,0,3.646245003,0,0,5.947500229,0,0,0,4.690130234,0,0,0,3.185400009,0,4.372539997,4.766409874,0,0,3.014620066,0,0,4.886829853,6.534399986,3.517210007,4.246150017,5.919650078,4.713980198,0,0,2.635270119,0,2.629400015,2.485179901,0,0,4.868740082,0,0,0,4.921470165,2.739510059,0,0,4.904150009,0,0,4.149539948,0,3.987420082,2.635270119,0,0,0,2.946749926,8.2208004,2.558510065,3.60984993,0,0,4.209839821,0,0,0,0,6.286829948,0,3.523210049,5.11661005,6.171589851,0,0,0,4.871970177,0,0,3.078419924,3.971659899,3.510629892,3.603149891,3.413269997,0,3.627320051,0,0,0,2.635270119,0,0,6.464519978,0,0,4.033420086,0,6.157209873,4.083010197,0,0,0,5.671040058,3.627320051,3.151900053,0,0,0,4.127285004,0,0,0,4.974140167,1.240759969,0
4.999229908,4.5259552,0,2.723119974,0,0,2.873929977,4.33701992,0,4.844409943,3.172729969,0,0,4.637760162,5.263959885,2.44092989,5.192900181,6.332940102,2.777280092,0,2.05456996,4.222380161,2.496779919,0,0,0,5.772630215,0,0,5.268839836,4.922599792,0,4.911590099,0,1.290009975,4.62612009,4.839900017,4.731929779,0,3.792429924,0,4.341259956,2.611180067,0,0,3.938780069,4.42264986,5.518000126,4.886970043,6.191319942,14.05908012,0,0,6.722760201,3.727190018,4.435949802,0,0,7.4760499,0,4.33701992,3.508500099,4.125389934,3.508500099,4.099474907,4.87251997,0,3.760829926,5.109519958,0,4.528059959,5.477379799,5.408199787,5.029049873,0,5.83010006,4.25357008,0,0,0,0,4.905139923,2.919549942,5.757959843,0,1.581120014,2.181299925,0,0,0,0,0,3.236860037,0,0,4.93936491,3.260629892,0,2.750200033,4.283380032,0,4.973589897,4.162065029,3.926270008,3.34442997,0,2.901900053,3.403559923,0,0,0,5.448490143,3.913759947,0,7.036019802,5.529459953,4.387949944,6.191319942,0,0,2.589459896,0,5.913189888,0,0,0,0,0,4.82006979,2.27854991,2.014790058,1.701660037,0,4.483530045,4.639089823,2.777280092,2.723119974,2.048369884,0,4.105795145,3.926270008,12.32952023,4.334774971,4.839900017,0,5.381169796,2.196409941,0,5.342150211,0,8.237270355,2.554339886,4.470290184,4.466135025,4.82006979,0,4.097199917,0,3.403559923,5.501210213,0,4.466135025,0,0,0,0,0,3.063070059,0,3.958519936,4.62612009,6.403429985,0,2.723119974,0,0,5.029049873,6.285220146,3.805170059,0,5.511449814,4.93936491,0,5.940404892,2.746229887,3.50229001,2.867749929,2.582829952,0,0,5.042399883,2.667150021,0,0,4.696090221,0,0,0,4.87251997,0,4.22755003,4.097199917,4.101749897,3.504080057,2.746229887,5.13781023,2.201430082,4.025680065,2.764600039,7.656330109,2.413170099,4.458109856,0,0,4.441999912,3.285300016,0,3.285300016,6.191319942,5.554490089,0,3.521650076,5.109519958,6.344550133,6.618120193,0,0,4.59525013,0,0,3.508500099,4.162065029,3.285300016,3.508500099,3.459830046,0,4.458109856,8.670570374,4.466135025,0,2.746229887,3.285300016,0,6.271570206,0,0,4.185910225,0,6.436210155,4.097199917,0,0,0,0,0,0,0,4.886740208,5.951509953,4.36460495,5.144209862,0,5.15143013,4.866000175,1.099720001,0
5.924789906,0,0,3.109420061,0,0,3.142920017,0,0,5.531050205,3.840790033,0,2.508889914,5.085820198,5.730249882,3.224309921,6.171949863,6.458099842,3.089270115,0,1.939419985,4.274290085,0,0,0,4.368939877,6.178170204,2.289200068,0,5.463550091,5.116179943,0,4.741740227,9.632920265,1.254580021,4.840579987,4.958040237,4.89041996,0,4.230649948,0,4.41245985,3.109420061,0,0,4.776519775,0,5.308959961,6.010300159,6.198480129,13.12485981,0,0,7.205450058,4.14605999,4.909510136,0,0,8.448880196,0,0,3.861939907,0,4.392129898,4.186300039,5.03311491,4.342420101,0,5.563149929,0,4.912000179,5.926519871,4.422070026,5.542300224,0,6.459559917,4.498479843,0,0,0,0,5.076459885,3.222379923,5.317440033,0,2.207250118,1.908139944,0,0,0,0,0,0,0,2.150579929,5.085820198,4.392129898,0,3.222650051,4.3917799,0,4.958040237,4.483980179,4.252470016,3.335880041,0,3.525130033,3.601880074,0,3.278249979,0,6.146460056,3.842449903,0,7.189849854,5.493720055,4.523719788,6.198480129,0,0,3.060719967,0,6.232679844,1.665680051,0,0,0,0,5.325745106,1.654850006,1.765709996,0,0,3.067660093,5.325745106,2.95720005,0,0,2.055900097,4.255384922,4.098309994,0,4.796509981,5.585239887,0,5.542300224,2.533230066,0,5.260640144,1.354590058,9.509759903,2.825129986,5.081689835,0,5.187940121,0,4.390699863,0,3.869040012,5.070390224,0,0,0,5.144849777,0,0,0,3.047310114,0,5.974180222,4.840579987,0,0,3.335880041,0,0,5.43156004,7.10337019,4.663760185,0,6.288169861,5.462640047,4.187739849,6.198935032,2.59078002,0,3.139940023,2.537770033,0,0,4.989769936,0,0,0,5.563149929,0,0,0,5.085820198,0,3.413150072,4.002130032,0,0,2.59078002,0,2.218679905,4.920730114,3.010129929,7.288499832,2.778140068,4.659500122,0,0,4.483980179,3.601880074,0,3.601880074,6.198480129,10.67790031,0,4.006410122,5.554969788,6.749710083,6.471350193,0,0,5.130139828,0,2.311739922,3.861939907,4.321614981,3.867880106,3.861939907,4.098309994,0,5.187940121,12.90347958,0,0,2.59078002,3.601880074,0,6.528480053,0,0,3.960760117,0,7.318019867,4.426460028,0,0,0,5.689780235,6.874680042,3.476289988,0,4.816500187,5.160510063,4.663760185,0,0,0,5.248690128,0,0
6.929269791,4.496590137,3.479449987,3.078089952,3.421319962,0,2.976629972,0,0,5.019710064,3.249000072,0,0,5.550059795,5.700479984,2.780620098,6.775249958,6.442590237,3.679970026,3.502229929,0,3.880959988,0,0,0,5.220039845,6.719759941,2.306689978,0,5.648799896,6.054399967,2.046610117,4.12473011,0,1.117609978,5.356369972,4.733019829,4.765629768,0,4.162089825,3.754640102,4.553460121,2.993659973,1.524979949,5.686729908,4.83382988,0,5.567289829,6.565740108,6.370600224,12.83730984,0,0,6.54279995,4.033500195,4.94367981,4.49022007,0,8.559550285,1.900460005,0,3.508440018,3.670450091,3.510030031,3.943855047,5.141530037,4.507430077,3.542649984,5.472499847,0,4.856080055,5.472499847,4.496590137,5.297860146,3.121330023,6.504449844,4.824359894,0,0,0,3.078089952,5.699749947,2.803649902,5.540599823,0,2.551189899,2.563220024,1.860820055,0,0,0,0,2.848649979,0,2.409389973,5.384429932,3.510030031,6.800000191,3.539799929,4.234220028,0,4.733019829,3.880959988,3.689985037,3.539799929,4.250940084,2.81227994,3.539799929,0,3.377690077,0,6.040140152,3.709180117,0,6.944240093,5.535250187,4.334119797,6.370600224,3.099999905,0,3.462260008,5.508220196,5.818830013,1.533789992,0,0,0,0,4.83382988,1.709789991,1.613309979,0,0,3.482899904,4.670629978,3.421319962,2.75,0,1.717740059,4.027415037,3.679970026,0,4.645100117,5.297860146,0,5.057059765,2.618489981,0,0,1.31735003,7.592299938,2.75,3.633280039,0,5.159220219,0,3.943855047,0,3.343889952,6.250040054,0.899999976,3.625915051,0,4.645100117,0,5.952929974,0,3.551470041,3.539799929,4.966450214,5.356369972,8.243300438,0,2.721950054,0,4.484220028,5.489089966,6.746339798,3.631720066,0,7.000390053,5.442494869,0,5.006079912,2.286870003,0,2.867300034,2.309999943,0,0,5.063020229,3.479449987,0,0,5.412489891,2.770720005,6.191679955,0,5.412489891,0,4.539659977,3.493609905,0,4.633840084,3.377690077,0,0,5.217740059,3.080440044,7.931739807,2.588639975,4.048079967,2.62883997,0,4.327809811,3.545634985,0,3.545634985,5.472499847,9.651470184,0,4.078979969,5.545460224,6.522689819,6.118370056,0,3.548259974,0,0,1.981940031,3.508440018,4.120485067,4.096350193,3.508440018,4.006750107,0,4.507430077,11.10762024,0,0,3.377690077,3.545634985,0,6.254809856,0,0,4.541699886,1.734850049,7.397079945,3.817800045,0,0,0,5.085229874,0,3.816999912,0,5.137219906,0,4.484220028,0,0,0,5.721739769,3.700000048,1.544059992
6.119130135,4.385980129,3.462009907,2.987459898,3.243769884,0,2.98706007,0,0,5.290629864,3.143850088,0,0,5.074510098,5.592269897,2.435640097,6.319250107,6.431990147,4.397880077,3.985150099,2.132699966,3.565030098,0,0,0,4.684790134,0,0,0,5.737410069,0,3.322099924,4.765230179,0,1.107920051,5.262050152,4.569059849,4.815269947,0,4.045189857,3.52196002,4.137549877,2.766769886,0,0,4.466080189,2.830450058,5.043610096,6.379889965,5.281330109,0,0,0,6.538539886,4.242090225,4.82487011,0,0,8.48486042,1.900239944,0,4.065494895,3.870579958,4.065494895,3.935110092,4.910699844,4.726890087,3.344300032,5.123330116,0,4.896920204,4.969210148,5.485760212,4.969210148,3.110735059,6.445049763,4.17305994,0,0,0,2.987459898,5.580949783,2.576139927,8.14097023,0,2.287420034,2.50116992,1.857859969,0,0,0,0,2.968650103,0,2.506690025,5.021860123,3.418220043,6.099999905,3.754230022,4.137949944,0,4.569059849,4.091569901,3.870579958,3.777114987,5.335289955,3.189440012,3.754230022,0,3.79618001,0,5.854020119,3.484970093,0,6.789979935,5.576580048,4.115680218,6.266640186,3.400000095,0,3.493520021,5.335289955,6.79061985,1.510689974,12.97000027,0,0,0,4.726890087,1.708019972,1.652519941,0,0,3.588239908,4.410675049,3.352889895,3.077620029,2.556040049,1.808609962,3.916825056,3.798089981,8.165100098,4.466080189,5.113430023,0,4.910699844,2.675280094,0,0,1.589890003,7.136380196,2.381680012,3.080729961,0,5.105649948,0,3.89854002,0,3.754230022,7.696129799,0.787440002,3.442485094,0,4.60902977,0,6.260409832,2.331020117,3.332070112,4.152619839,5.76293993,5.262050152,7.397809982,0,3.077620029,0,0,5.463039875,6.454520226,3.842619896,0,6.939690113,5.11838007,0,4.969210148,2.221750021,3.159009933,2.663500071,0,0,0,4.824969769,3.462009907,0,0,5.123330116,0,5.335279942,0,5.11838007,0,4.012239933,3.061369896,0,4.385980129,2.841879964,0,0,4.903029919,3.030770063,8.125189781,2.668900013,3.89854002,2.702960014,0,4.238359928,3.777114987,0.962890029,3.777114987,4.969210148,8.89109993,0,3.924669981,5.541259766,6.366919994,6.864329815,0,3.606440067,0,0,2.2579,4.065494895,4.137949944,4.309299946,4.805550098,3.935110092,0,4.410675049,10.07569981,0,0,2.841879964,3.777114987,4.296020031,7.554369926,0,0,3.558290005,2.308820009,6.162370205,3.565030098,4.355269909,0,6.195859909,0,0,0,0,4.813720226,0,4.302659988,0,0,0,5.881020069,3.799999952,0
6.549059868,5.509039879,0,3.013400078,3.278470039,0,0,0,0,5.345829964,2.772480011,0,0,4.868999958,5.480400085,2.067630053,6.167860031,0,3.562020063,3.603159904,2.175499916,3.493590117,2.645309925,0,0,4.959640026,0,0,0,5.855100155,5.262740135,2.889590025,0,0,0,0,4.451699972,4.8583498,0,0,4.077429771,4.654109955,2.697180033,0,0,4.370389938,2.747839928,0,6.582399845,5.331145048,0,0,0,0,4.220709801,4.956580162,0,0,7.237820148,2.49751997,0,4.307069778,3.606220007,4.307069778,3.901690006,4.829549789,4.643070221,3.368299961,4.956580162,0,4.469339848,4.682690144,5.56678009,4.889479876,0,7.148039818,4.722650051,0,0,0,3.013400078,0,1.906100035,7.919139862,0,1.833709955,2.637569904,2.001060009,0,0,0,0,3.005249977,0,2.241319895,4.863674879,3.509609938,0,3.475210071,0,0,4.153429985,3.901690006,3.752770066,3.479490042,5.789624929,3.407480001,3.470930099,0,3.867500067,0,5.766119957,3.168590069,0,7.582230091,5.699969769,4.056019783,6.112460136,3.5,0,3.901690006,5.509039879,7.384230137,1.560899973,13.38438034,0,0,0,4.643070221,1.821470022,2.148089886,1.777119994,0,3.272989988,4.59645009,3.278470039,3.029430032,0,1.496170044,3.867500067,3.712440014,7.666059971,4.536709785,4.758029938,4.090410233,6.546720028,3.325160027,0,0,1.780040026,6.983389854,2.340670109,3.34085989,0,5.103099823,0,3.901690006,0,3.479490042,6.345459938,1.600000024,3.434149981,0,5.19520998,0,5.672160149,2.158210039,3.418200016,0,5.739029884,0,7.793399811,0,3.18682003,0,0,5.410220146,7.374700069,3.29008007,0,7.159930229,5.029839993,0,3.462820053,2.13628006,0,2.92276001,0,0,0,4.829549789,3.374700069,0,0,4.949409962,0,4.742109776,0,4.952995062,0,3.50744009,2.963799953,3.793100119,4.423520088,2.175499916,0,0,4.776989937,3.070859909,8.087030411,2.872040033,3.712440014,0,0,4.164209843,3.520755053,0,3.520755053,4.028635025,6.339509964,0,3.862869978,5.620230198,7.536970139,0,0,2.613929987,0,0,2.206150055,4.307069778,3.959860086,4.719200134,4.536709785,4.018030167,3.049249887,4.59645009,7.241869926,0,0,2.175499916,3.520755053,4.54982996,6.250360012,0,0,3.470930099,1.805230021,6.692329884,3.989559889,0,0,6.395229816,0,0,0,0,5.533289909,0,4.199999809,0,0,0,6.077420235,4.199999809,6.07020998
6.442959785,4.621734858,3.454459906,3.029710054,3.872060061,3.539299965,2.506160021,0,0,5.436610222,2.650180101,0,0,5.229740143,5.547110081,2.442130089,5.995359898,6.630529881,3.327510118,4.083439827,1.966160059,4.072440147,2.476890087,0,0,5.009419918,6.425370216,0,0,5.838850021,5.148990154,0,5.722750187,0,0,0,4.554130077,4.869029999,0,4.529429913,3.852509975,4.729000092,2.768019915,2.062210083,0,4.878550053,2.382760048,5.001440048,6.687399864,5.6849401,0,4.930950165,0,6.483779907,4.046760082,4.935389996,0,0,8.494429588,3.480540037,0,3.852509975,3.823080063,3.852509975,3.763829947,4.970620155,5.004640102,4.122529984,5.335949898,0,4.351019859,4.812670231,4.498549938,4.970620155,3.284650087,7.124040127,3.882889986,0,0,0,3.029710054,5.531579971,2.886719942,4.576469898,0,2.63421011,1.818390012,2.13248992,0,0,0,0,2.888089895,0,0,5.118800163,3.760319948,5.874929905,3.406209946,4.554130077,0,4.197649956,4.072440147,3.848590016,3.357959986,5.539264917,3.359040022,3.327510118,0,3.844670057,0,5.335949898,3.06795001,0,7.448689938,5.883749962,4.143670082,6.251080036,3.5,0,3.437370062,5.411379814,6.780200005,2.05053997,12.02653027,0,0,0,4.84394002,3.233809948,2.432450056,1.734660029,0,3.85984993,4.878550053,3.284650087,3.067680001,0,1.621070027,3.997295022,3.801490068,7.29226017,4.878550053,4.602330208,0,6.943649769,2.050489902,0,0,1.334400058,5.909759998,1.776939988,3.388299942,4.098185062,4.696050167,0,3.872060061,0,3.284650087,7.579239845,2.099999905,3.811264992,0,4.940770149,0,6.115330219,2.293540001,3.61578989,5.41617012,5.481200218,0,7.466370106,0,3.689529896,0,0,5.52655983,7.485350132,3.018110037,0,6.701550007,5.270969868,4.98458004,4.073840141,2.493439913,3.400000095,3.297290087,3.019999981,0,0,4.970620155,3.342735052,6.481080055,0,5.270969868,4.809329987,4.89467001,0,5.229740143,0,4.073840141,3.051739931,3.763829947,4.744919777,2.755774975,0,0,5.686560154,2.85435009,10.17469978,2.379810095,3.801490068,0,0,0,3.689529896,1.024500012,3.689529896,4.812670231,5.939690113,0,4.071350098,5.405729771,7.611209869,0,0,3.608129978,0,0,2.850709915,3.852509975,4.072440147,4.423649788,4.1240201,0,0,4.84394002,5.667150021,0,0,2.755774975,3.689529896,5.118800163,6.967450142,0,0,3.357959986,1.879209995,6.671659946,3.852509975,0,0,6.090010166,0,0,0,0,5.65199995,0,4.387334824,0,0,0,5.864659786,4.300000191,5.995979786
5.851280212,4.916950226,3.695219994,3.161789894,2.930550098,0,3.074209929,0,0,5.361440182,2.247240067,0,0,5.164770126,5.447619915,2.633039951,6.784520149,6.590469837,3.161789894,4.053299904,0,0,2.467459917,0,0,4.818309784,6.614689827,1.536880016,0,5.948480129,6.143499851,3.353189945,6.04489994,0,0,0,4.610660076,4.877799988,0,4.730949879,3.726639986,4.577429771,2.687129974,1.951429963,3.183710098,4.629459858,2.744729996,4.963870049,6.67952013,5.673900127,0,0,0,6.440499783,3.965229988,4.921020031,0,0,7.634850025,3.963769913,0,3.505784988,4.14103508,3.648055077,3.970429897,4.935540199,5.260990143,4.25138998,5.124000072,0,4.303380013,5.01113987,4.602019787,5.01113987,2.935420036,7.102369785,4.268219948,0,0,0,2.666670084,5.604569912,2.997679949,4.660570145,0,2.422810078,2.230940104,2.200000048,0,0,0,0,2.985620022,0,4.360320091,5.124000072,3.572550058,7.090119839,3.671705008,0,1.794460058,4.610660076,4.440424919,4.03358984,3.671705008,5.280210018,3.288009882,3.648190022,0,0,0,4.873139858,2.801350117,0,7.641409874,5.783510208,4.061279774,6.015860081,0,0,3.421649933,5.280210018,5.531599998,1.909389973,11.23237038,0,0,0,4.789110184,2.937809944,2,2.279099941,0,3.880690098,5.023290157,3.27333498,3.15555501,0,1.932880044,4.0832901,3.963769913,7.198599815,4.730949879,4.486579895,4.007890224,5.283889771,2.048530102,0,0,1.021950006,6.266019821,2.381230116,3.088589907,0,5.257470131,0,4.0832901,0,3.648190022,7.004209995,1.899999976,0,0,4.714849949,0,6.876329899,0,4.916950226,4.839839935,5.212639809,0,7.452889919,0,5.103680134,0,4.0832901,5.458899975,7.695040226,3.47213006,0,6.342430115,5.164770126,0,4.964045048,2.465929985,0,3.695990086,2.789999962,0,0,4.935540199,3.284295082,6.072659969,0,5.124000072,4.789110184,0,0,5.164770126,0,3.605350018,3.121220112,4.013879776,4.19878006,2.969030023,0,0,5.720210075,2.92437005,9.812000275,2.662919998,3.824160099,0,0,3.926980019,4.126039982,1.232460022,4.126039982,5.171540022,3.749059916,0,4.220590115,5.291699886,7.573729992,7.070320129,0,4.083680153,0,0,2.599999905,3.505784988,4.013879776,4.78455019,3.723560095,0,0,4.789110184,7.515470028,0,0,2.969030023,4.126039982,5.331940174,6.881869793,0,0,3.384880066,1.922979951,5.874939919,4.321669817,0,0,6.025269985,0,0,0,0,0,5.181950092,4.606339931,0,0,0,5.99946022,5.199999809,6.13835001
5.888269901,5.079005003,3.255800009,3.115135074,3.486900091,3.437969923,3.28034997,0,0,5.776110172,2.80591011,0,0,5.311270237,5.456580162,2.951679945,6.370540142,6.451570034,3.17298007,3.67008996,0,0,2.674540043,2.288320065,0,4.787519932,6.870150089,1.501639962,0,6.24105978,5.382919788,0,7.590099812,7.806519985,1.910230041,0,4.809939861,4.93844986,0,4.875309944,3.82487011,3.494159937,2.768049955,2.170439959,3.282579899,4.470389843,2.545059919,5.266910076,6.87349987,4.414245129,0,0,0,6.326129913,5.751820087,4.855150223,3.590240002,3.408580065,0,3.816240072,0,3.82487011,3.950090051,3.82487011,3.810214996,4.885540009,4.998700142,3.930850029,4.897535086,0,4.286570072,5.106850147,4.737919807,4.885540009,2.951679945,7.032080173,4.809319973,0,7.712419987,12.40791988,2.900000095,5.553050041,3.164870024,4.612130165,0,2.517139912,2.160029888,2.299999952,0,3.666769981,4.238609791,12.00459957,3.030329943,0,3.895699978,4.897535086,3.262120008,6.412970066,3.494159937,0,1.854009986,4.498990059,3.871954918,3.820555091,3.659624934,5.271339893,3.583600044,3.649159908,0,3.285729885,0,3.758009911,2.797389984,0,7.457970142,5.861249924,4.073629856,5.455210209,0,0,2.788579941,5.271339893,5.985509872,0,9.862959862,2.643460035,0,4.771480083,4.274410009,0,2.099999905,2.170830011,0,3.867729902,4.078430176,3.25902009,3.057290077,0,2.22874999,4.176990032,3.82487011,9,4.468075037,4.227190018,3.918200016,5.284939766,3.001650095,0,0,0,5.805689812,2.210119963,3.887490034,0,5.229420185,0,4.023880124,0,3.801520109,5.023980141,2.099999905,0,0,4.176990032,0,6.010829926,0,4.886670113,5.608660221,4.894869804,0,9.913700104,0,4.485899925,0,4.078430176,5.34815979,7.569330215,3.25902009,0,6.325059891,5.106850147,0,5.231300116,2.650019884,2.836289883,3.969330072,3.329999924,0,0,4.809939861,3.282579899,0,0,4.885540009,3.338150024,4.663219929,0,4.93844986,0,0,3.109630108,3.834029913,3.649159908,3.255800009,0,0,5.45637989,2.863090038,10.13490009,3.057290077,3.909879923,0,0,3.78640008,3.735805035,1.465559959,3.735805035,5.231300116,3.864599943,5.926509857,4.598999977,4.909530163,7.443900108,5.355750084,0,4.222899914,0,3.093250036,2.400000095,3.82487011,3.834029913,5.10860014,3.759670019,4.967740059,0,4.078430176,8.445150375,0,0,3.255800009,3.735805035,3.373280048,6.596000195,0,0,4.194869995,2.331530094,5.74255991,3.834029913,0,0,5.786379814,0,1.930179954,5.134789944,0,4.465760231,5.603380203,4.256880045,4.857729912,0,0,5.956190109,4.624330044,5.812789917
5.491350174,4.881084919,3.511980057,2.834550023,2.754940033,3.962090015,3.237070084,0,0,5.545489788,2.75812006,0,2.430799961,5.276780128,5.47961998,2.903409958,4.691999912,6.461730003,2.899100065,0,1.535539985,0,0,2.32517004,0,4.946549892,7.29365015,0,0,6.314040184,4.707320213,4.425409794,6.993330002,7.974820137,1.754089952,0,4.633399963,4.926459789,0,5.342010021,3.79362011,3.97232008,2.654230118,2.118690014,5.20979023,4.477210045,0,5.288790226,6.893959999,4.643265009,0,0,0,6.145410061,5.553730011,4.839230061,3.924390078,5.129720211,0,3.850500107,7.344359875,3.79362011,3.992174983,4.063359976,3.861265063,4.839230061,4.362750053,0,4.815949917,0,4.227640152,5.114459991,5.061510086,4.792669773,2.830765009,6.851530075,4.83589983,0,7.719890118,13.51266003,2.769999981,5.418940067,3.593869925,4.528840065,0,2.544500113,2.024430037,2.299999952,0,0,0,11.08613968,2.944740057,0,4.737750053,4.926459789,3.292649984,5.159619808,3.094779968,0,1.422749996,4.620490074,3.962090015,3.819204926,3.511980057,5.362669945,3.5,3.265754938,0,3.450979948,0,3.731739998,3.365760088,0,7.432199955,5.863269806,3.815789938,5.314610004,3.452820063,0,2.978100061,5.362669945,6.586150169,0,10.09358978,0,4.333099842,5.847710133,4.362750053,0,2.123929977,2.14812994,0,5.208280087,4.362750053,2.935029984,2.829074979,0,3.449199915,4.101970196,3.803395033,7.760749817,4.380859852,4.004310131,0,4.659530163,3.098540068,0,0,1.370929956,5.608449936,2.687190056,3.68701005,0,4.90681982,0,4.026730061,0,3.094779968,5.084459782,1.899999976,4.217890143,0,5.18061018,0,5.865039825,1.944059968,5.013599873,4.748569965,4.751920223,0,10.65202999,0,2.970959902,0,4.081140041,5.479599953,8.030550003,3.903209925,0,6.411789894,5.02045989,0,5.414669991,3.002919912,2.846080065,3.813169956,3.569999933,0,0,4.633399963,2.970959902,0,0,0,0,4.982960224,0,4.978164911,0,0,2.979890108,3.760440111,3.436729908,3.450089931,0,0,5.113090038,2.874830008,0,3.060230017,3.825239897,0,0,3.63470006,3.561609983,1.543900013,3.561609983,5.314610004,5.173039913,5.98029995,3.911070108,4.792669773,7.618619919,5.414669991,0,4.421020031,0,3.065490007,2.299999952,3.79362011,3.962090015,3.686490059,3.637520075,5.763679981,0,4.362750053,8.078430176,0,0,3.450089931,3.561609983,3.971920013,7.32434988,0,0,4.101970196,2.147109985,5.00977993,3.850500107,4.380859852,0,5.667729855,5.733399868,1.190230012,3.797420025,0,4.344810009,0,4.164805174,4.162220001,0,0,5.942850113,3.747920036,5.47262001
0,5.02312994,3.373310089,3.431199908,2.466880083,3.611720085,3.217089891,0,0,5.454319954,2.707590103,0,2.448479891,5.127900124,5.371890068,2.473819971,4.762020111,6.425340176,3.535589933,5.628469944,0,4.091020107,2.324520111,2.418499947,0,4.794990063,7.45028019,1.324959993,0,6.32047987,4.366380215,0,7.225739956,7.099999905,1.75364995,0,4.091020107,4.951570034,0,5.419660091,3.667449951,3.80347991,3.154819965,1.454949975,4.442969799,4.535510063,0,5.181749821,7.069809914,4.410719991,0,0,0,5.754169941,3.806159973,4.882740021,3.748559952,4.766749859,7.752439976,3.920269966,6.505380154,3.876494884,4.357689857,4.085539818,4.091020107,4.780779839,4.614260197,0,4.882740021,0,4.207779884,4.956299782,5.64951992,4.619729996,2.707590103,6.363110065,4.651189804,5.451600075,8.233380318,12.41641998,3.326809883,5.444180012,3.574429989,3.627379894,0,2.320339918,2.459189892,2.200000048,0,3.47220993,3.173799992,11.02855968,2.950099945,0,4.66478014,4.882740021,3.310100079,4.937019825,3.627379894,3.905669928,1.591189981,4.619729996,4.008424878,3.912969947,3.775149941,4.862154961,2.669980049,3.745085001,0,0,0,3.468849897,3.790400028,0,7.583859921,6.102729797,4.044939995,5.260169983,3.228539944,0,2.750819921,5.366680145,6.026189804,0,10.86316013,0,4.328239918,6.36548996,4.437954903,0,2.132940054,2.76128006,0,3.633480072,4.421764851,3.454450011,2.981440067,0,2.799249887,4.378844976,3.920269966,8.156889915,4.229444981,3.812200069,3.569590092,4.370299816,2.705579996,0,0,1.457929969,5.618440151,2.836420059,3.887470007,4.255970001,4.518219948,0,4.091020107,0,3.789769888,4.651629925,2.087680101,0,0,4.088590145,0,5.505559921,0,5.02312994,4.031330109,4.675310135,0,9.759980202,0,2.577159882,0,4.357689857,5.17509985,7.911980152,4.76722002,0,6.259739876,4.953934908,5.840189934,5.02312994,2.89951992,2.882240057,3.931309938,4.400000095,0,1.964930058,4.558460236,3.63261497,0,0,5.015610218,3.08968997,4.721539974,0,4.917155027,0,2.967459917,3.095390081,4.689909935,3.126460075,3.136415005,0,0,4.624969959,2.768260002,0,4.635769844,3.725229979,3.369970083,0,3.710160017,3.789769888,0,3.789769888,5.02312994,5.036369801,6.10751009,3.940639973,4.780779839,7.568830013,6.138090134,0,3.677289963,0,2.977289915,2.454819918,3.876494884,4.091020107,3.760529995,3.355730057,5.83796978,0,4.421764851,7.106100082,0,0,3.136415005,3.789769888,3.561269999,0,0,0,4.430510044,2.263360023,5.412260056,3.931309938,4.485839844,0,5.281340122,5.73195982,1.344079971,2.665430069,0,4.085539818,4.533530235,4.328239918,4.183159828,0,0,6.113059998,3.729640007,5.381060123
0,4.951634884,3.199790001,3.066335082,2.044699907,0,3.246720076,0,0,4.945519924,2.255870104,0,2.644079924,5.107890129,5.225359917,2.455430031,5.078649998,6.376639843,2.933969975,5.430560112,0,0,0,2.309520006,0,5.381110191,7.472270012,0,0,6.088510036,5.428860188,0,6.850840092,6.721330166,1.565879941,0,4.26692009,4.86093998,0,5.433169842,3.542490005,3.239939928,3.131200075,0,3.001470089,4.449100018,0,5.368850231,6.779069901,4.350024939,0,0,0,0,4.26692009,4.992740154,3.627739906,5.571549892,0,3.928489923,5.866350174,3.133100033,3.979744911,3.434504986,4.486399889,4.678199768,4.621459961,0,4.805599928,0,4.178160191,5.238870144,5.06867981,4.627309799,3.131200075,6.269299984,4.835710049,5.413169861,0,9.697050095,2.933459997,5.238900185,3.52105999,4.004129887,0,2.384320021,2.365439892,2.137870073,0,3.593950033,3.552550077,10.5601902,3.137049913,0,4.45058012,4.898489952,3.326519966,6.056469917,3.310939908,0,1.682100058,4.627309799,4.167449951,3.798414946,3.562550068,3.587280035,3,3.504765034,0,0,0,3.383090019,3.955359936,0,7.574059963,6.164899826,4.255720139,5.413809776,2.984810114,0,2.615950108,5.306250095,5.552670002,2.162859917,11.96829033,0,4.458079815,6.38917017,4.09145987,0,2.524470091,2.584120035,0,3.331799984,4.254429817,3.290864944,3.199790001,0,2.135390043,3.979744911,3.714299917,7.285359859,4.449100018,3.894959927,3.666260004,4.245170116,2.727880001,0,0,0,5.439730167,2.874520063,3.912489891,0,4.254429817,0,3.979744911,0,3.882529974,0,1.922889948,0,0,6.173019886,0,5.452189922,0,4.834589958,3.381939888,4.479599953,0,8.988050461,0,3.44698,0,3.562550068,5.357649803,7.644110203,4.43445015,0,6.048500061,4.898489952,5.207230091,5.459015131,0,2.88293004,3.714299917,3.133100033,0,1.874830008,4.615799904,3.239939928,0,0,4.675159931,3.283200026,5.318870068,0,4.992740154,0,0,3.344749928,4.678199768,3.073750019,3.199790001,0,0,4.8582201,2.645090103,0,6.989630222,3.605750084,3.555160046,0,3.582319975,3.641860008,0,3.641860008,5.32633996,5.235109806,5.688600063,3.975830078,4.936039925,7.640840054,5.679160118,0,4.498839855,0,2.743769884,2.25948,3.133100033,4.615799904,4.043940067,3.056770086,5.5583601,0,4.254429817,6.830910206,0,6.372910023,3.199790001,3.641860008,3.286240101,0,4.29460001,0,3.696439981,2.130520105,5.319479942,4.09145987,4.662799835,0,5.900000095,5.693779945,0,2.694129944,0,4.167449951,0,4.255720139,4.532149792,0,0,6.158989906,4.739739895,3.587280035
0,4.719299793,3.213779926,3.032850027,1.821179986,3.945760012,3.15060997,0,3.102699995,4.802370071,2.561850071,0,2.822149992,0,0,2.681080103,0,0,2.965199947,5.785480022,1.326320052,0,0,2.398930073,0,4.97947979,7.138390064,0,0,0,3.203989983,0,0,6.91437006,1.768710017,0,0,0,0,0,0,3.700400114,3.100500107,0,3.898000002,4.506219864,0,4.733459949,6.808790207,4.36243999,0,0,0,0,0,0,0,5.571609974,0,4.042769909,6.100359917,3.234369993,3.566455007,0,3.945760012,0,4.225659847,0,0,0,0,0,0,0,0,0,5.067880154,0,0,0,2.767829895,0,3.808640003,0,0,1.848369956,2.875299931,2.947819948,0,0,0,0,3.199280024,0,0,0,3.810600042,4.912849903,3.438679934,0,0,0,3.882860065,3.663199902,3.442830086,3.898000002,2.841850042,3.44075501,0,0,0,0,3.663199902,0,0,0,0,5.163640022,2.988470078,0,2.856970072,4.97439003,5.366749763,0,12.39466,0,0,6.49243021,4.042769909,0,2.592020035,2.270390034,0,3.264879942,4.042769909,3.089489937,3.213779926,0,0,3.799200058,3.663199902,7.800149918,4.061970234,0,0,0,3.061460018,0,0,1.152660012,6.104579926,2.944900036,4.121590137,0,0,9.611289978,3.85898006,0,3.438679934,0,1.974210024,0,0,4.940889835,0,6.229990005,1.893730044,4.719299793,3.711319923,4.16339016,0,9.480409622,0,3.523169994,0,3.442830086,0,0,0,0,0,0,5.413209915,4.719299793,2.507550001,3.127360106,3.819960117,3.234369993,0,0,0,3.32622993,0,0,0,3.469710112,0,0,0,0,2.812289953,0,0,3.355459929,2.507550001,0,0,5.287199974,2.631969929,0,7.365429878,3.385159969,3.379699945,0,3.619220018,3.534980059,0,3.534980059,4.719299793,5.921549797,7.23706007,0,0,0,5.645549774,0,3.914589882,0,3.488399982,2.372459888,3.234369993,3.945760012,4.969379902,2.968980074,5.712900162,3.120650053,4.042769909,0,0,7.959630013,2.507550001,3.534980059,3.561239958,0,0,0,3.534980059,2.649810076,5.439650059,3.882860065,4.683320045,0,7.001860142,0,0,2.918790102,0,4.061970234,1.78587997,3.663199902,4.706250191,0,0,6.505050182,4.46517992,0
0,0,0,0,0,0,0,0,0,0,2.704760075,0,3.321619987,0,0,0,0,0,0,0,0,0,0,2.510879993,0,4.952449799,7.94095993,0,0,0,4.295159817,0,0,0,0,0,0,0,0,0,0,0,0,0,0,0,0,0,6.746260166,5.403379917,0,0,0,0,0,0,0,4.998129845,0,0,0,0,0,0,0,0,4.134130001,0,0,0,0,0,0,0,0,0,0,0,0,0,0,0,3.839129925,0,0,2.199470043,0,0,0,0,0,0,3.299720049,0,0,0,4.406340122,0,0,0,0,0,0,0,0,0,0,0,0,0,0,0,0,0,0,0,0,5.403379917,0,0,0,5.079969883,0,0,0,0,0,6.551259995,0,0,0,2.309289932,0,3.569050074,0,0,0,0,0,0,0,7.375010014,0,0,0,0,0,0,0,0,0,0,0,0,0,0,0,0,0,0,0,0,0,0,0,0,1.886590004,4.607999802,2.907619953,0,0,9.409589767,0,0,0,0,0,0,0,0,0,0,0,0,0,0,4.246679783,0,0,0,0,0,0,0,0,0,0,0,0,0,3.190330029,0,0,3.407269955,0,0,0,0,2.506659985,0,9.261469841,0,0,0,0,0,0,0,0,0,0,0,0,0,5.342339993,0,0,0,0,0,0,0,0,0,0,0,0,0,0,0,0,0,0,0,0,0,3.104340076,3.013930082,0,0,0,0,5.112410069,0,0,0,0,0,2.3125,0,4.809160233,0,0,6.836130142,0,0
